,Nationality,GDP_PC,USA,USA Reapply,USA Reciprocity Fee,Validity Period,USA Reapply Reciprocity,South Korea,India,Germany,Argentina,UK,Taiwan,Approximate_Total,Notes,Emojis
0,Ireland,78660.96,510,0.0,1505,60.0,0,56.94,91.53,0.0,177.64,124.11,50,2515.2200000000003,European Union country.,ğŸ‡®ğŸ‡ª
1,United Arab Emirates,43103.32,510,0.0,1125,48.0,0,56.94,91.53,88.86,177.64,124.11,50,2224.08,,ğŸ‡¦ğŸ‡ª
2,Liechtenstein,173356.05,510,0.0,900,60.0,0,56.94,91.53,0.0,177.64,124.11,50,1910.22,European Unionropean Economic Area country. 2017 GDP per Capita.,ğŸ‡±ğŸ‡®
3,Lebanon,7784.32,510,0.0,708,60.0,0,56.94,91.53,88.86,177.64,124.11,50,1807.08,,ğŸ‡±ğŸ‡§
4,Benin,1219.43,510,160.0,681,36.0,681,56.94,91.53,88.86,177.64,124.11,50,2621.08,,ğŸ‡§ğŸ‡¯
5,Norway,75419.63,510,0.0,434,60.0,0,56.94,91.53,0.0,177.64,124.11,50,1444.22,European Unionropean Economic Area country.,ğŸ‡³ğŸ‡´
6,Switzerland,81993.73,510,0.0,375,60.0,0,56.94,91.53,0.0,177.64,124.11,50,1385.22,European Unionropean Single Market country.,ğŸ‡¨ğŸ‡­
7,Turkmenistan,6966.64,510,160.0,355,12.0,355,56.94,91.53,88.86,177.64,124.11,50,1969.08,2018 GDP per Capita,ğŸ‡¹ğŸ‡²
8,Finland,48685.85,510,0.0,340,48.0,0,56.94,91.53,0.0,177.64,124.11,50,1350.22,European Union country.,ğŸ‡«ğŸ‡®
9,Argentina,10006.15,510,0.0,315,60.0,0,56.94,91.53,88.86,0.0,124.11,50,1236.44,,ğŸ‡¦ğŸ‡·
10,Comoros,1393.52,510,160.0,307,12.0,307,56.94,91.53,88.86,177.64,124.11,50,1873.08,,ğŸ‡°ğŸ‡²
11,Australia,54907.1,510,0.0,305,60.0,0,113.88,91.53,88.86,177.64,124.11,50,1461.02,,ğŸ‡¦ğŸ‡º
12,Mauritania,1677.92,510,0.0,305,60.0,0,56.94,91.53,88.86,177.64,124.11,50,1404.08,,ğŸ‡²ğŸ‡·
13,Belgium,46116.7,510,0.0,295,60.0,0,56.94,91.53,0.0,177.64,124.11,50,1305.22,European Union country.,ğŸ‡§ğŸ‡ª
14,Tanzania,1122.12,510,160.0,290,12.0,290,56.94,91.53,88.86,177.64,124.11,50,1839.08,,ğŸ‡¹ğŸ‡¿
15,Croatia,14853.24,510,0.0,285,60.0,0,56.94,91.53,0.0,177.64,124.11,50,1295.22,European Union country.,ğŸ‡­ğŸ‡·
16,Togo,675.54,510,160.0,255,36.0,255,56.94,91.53,88.86,177.64,124.11,50,1769.08,,ğŸ‡¹ğŸ‡¬
17,Sweden,51610.07,510,0.0,240,48.0,0,56.94,91.53,0.0,177.64,124.11,50,1250.22,European Union country.,ğŸ‡¸ğŸ‡ª
18,Paraguay,5414.8,510,0.0,238,60.0,0,56.94,91.53,88.86,177.64,124.11,50,1337.08,,ğŸ‡µğŸ‡¾
19,Indonesia,4135.57,510,0.0,220,60.0,0,56.94,91.53,88.86,177.64,124.11,50,1319.08,,ğŸ‡®ğŸ‡©
20,Maldives,10790.5,510,0.0,220,60.0,0,56.94,91.53,88.86,177.64,124.11,50,1319.08,,ğŸ‡²ğŸ‡»
21,Eswatini,3837.03,510,0.0,200,60.0,0,56.94,91.53,88.86,177.64,124.11,50,1299.08,,ğŸ‡¸ğŸ‡¿
22,Honduras,2574.91,510,0.0,190,60.0,0,56.94,91.53,88.86,177.64,124.11,50,1289.08,,ğŸ‡­ğŸ‡³
23,Djibouti,3408.85,510,160.0,180,12.0,180,56.94,91.53,88.86,177.64,124.11,50,1619.08,,ğŸ‡©ğŸ‡¯
24,Cyprus,27858.37,510,0.0,165,48.0,0,56.94,91.53,0.0,177.64,124.11,50,1175.22,European Union country.,ğŸ‡¨ğŸ‡¾
25,Iceland,66944.83,510,0.0,163,60.0,0,56.94,91.53,0.0,177.64,124.11,50,1173.22,European Unionropean Economic Area country.,ğŸ‡®ğŸ‡¸
26,Namibia,4957.46,510,160.0,120,24.0,120,56.94,91.53,88.86,177.64,124.11,50,1499.08,,ğŸ‡³ğŸ‡¦
27,Nigeria,2229.86,510,160.0,110,24.0,110,56.94,257.18,88.86,177.64,124.11,50,1644.73,Must re-apply after two years and pay a $110 visa reciprocity fee: https://travel.state.gov/content/travel/en/us-visas/Visa-Reciprocity-and-Civil-Documents-by-Country/Nigeria.html,ğŸ‡³ğŸ‡¬
28,Jordan,4330.33,510,0.0,106,60.0,0,56.94,91.53,88.86,177.64,124.11,50,1205.08,,ğŸ‡¯ğŸ‡´
29,Greece,19582.54,510,0.0,105,60.0,0,56.94,91.53,0.0,177.64,124.11,50,1115.22,European Union country.,ğŸ‡¬ğŸ‡·
30,Niger,554.6,510,160.0,95,12.0,95,56.94,91.53,88.86,177.64,124.11,50,1449.08,,ğŸ‡³ğŸ‡ª
31,Kenya,1816.55,510,0.0,90,60.0,0,56.94,91.53,88.86,177.64,124.11,50,1189.08,,ğŸ‡°ğŸ‡ª
32,Panama,15731.02,510,0.0,90,60.0,0,56.94,91.53,88.86,177.64,124.11,50,1189.08,,ğŸ‡µğŸ‡¦
33,Costa Rica,12238.37,510,0.0,68,60.0,0,56.94,91.53,88.86,177.64,124.11,50,1167.08,,ğŸ‡¨ğŸ‡·
34,Tuvalu,4059.03,510,160.0,68,12.0,68,56.94,91.53,88.86,177.64,124.11,50,1395.08,,ğŸ‡¹ğŸ‡»
35,Cameroon,1497.91,510,160.0,60,6.0,60,56.94,91.53,88.86,177.64,124.11,50,1379.08,,ğŸ‡¨ğŸ‡²
36,Thailand,7808.19,510,160.0,40,12.0,40,56.94,91.53,88.86,177.64,124.11,50,1339.08,,ğŸ‡¹ğŸ‡­
37,Yemen,968.16,510,160.0,30,12.0,30,56.94,91.53,88.86,177.64,124.11,50,1319.08,2018 GDP per Capita,ğŸ‡¾ğŸ‡ª
38,Seychelles,17401.72,510,160.0,21,12.0,21,56.94,10.73,88.86,177.64,124.11,50,1220.2800000000002,,ğŸ‡¸ğŸ‡¨
39,Central African Republic,467.91,510,160.0,20,12.0,20,56.94,91.53,88.86,177.64,124.11,50,1299.08,,ğŸ‡¨ğŸ‡«
40,Samoa,4315.92,510,160.0,18,36.0,18,56.94,91.53,88.86,177.64,124.11,50,1295.08,,ğŸ‡¼ğŸ‡¸
41,Malawi,411.55,510,0.0,15,60.0,0,56.94,91.53,88.86,177.64,124.11,50,1114.08,,ğŸ‡²ğŸ‡¼
42,Sierra Leone,504.46,510,160.0,15,36.0,15,56.94,91.53,88.86,177.64,124.11,50,1289.08,,ğŸ‡¸ğŸ‡±
43,Angola,2973.59,510,160.0,10,24.0,10,56.94,91.53,88.86,177.64,124.11,50,1279.08,,ğŸ‡¦ğŸ‡´
44,Afghanistan,502.12,510,160.0,0,12.0,0,56.94,91.53,88.86,177.64,124.11,50,1259.08,,ğŸ‡¦ğŸ‡«
45,Albania,5352.86,510,160.0,0,36.0,0,56.94,91.53,88.86,177.64,124.11,50,1259.08,,ğŸ‡¦ğŸ‡±
46,Algeria,3948.34,510,160.0,0,24.0,0,56.94,91.53,88.86,177.64,124.11,50,1259.08,,ğŸ‡©ğŸ‡¿
47,Andorra,40886.39,510,0.0,0,60.0,0,56.94,91.53,88.86,177.64,124.11,50,1099.08,,ğŸ‡¦ğŸ‡©
48,Antigua and Barbuda,17790.31,510,0.0,0,60.0,0,56.94,91.53,88.86,177.64,124.11,50,1099.08,,ğŸ‡¦ğŸ‡¬
49,Armenia,4622.73,510,0.0,0,60.0,0,56.94,91.53,88.86,177.64,124.11,50,1099.08,,ğŸ‡¦ğŸ‡²
50,Austria,50277.28,510,0.0,0,60.0,0,47.45,91.53,0.0,177.64,124.11,50,1000.73,European Union country.,ğŸ‡¦ğŸ‡¹
51,Azerbaijan,4793.59,510,160.0,0,12.0,0,75.92,91.53,88.86,177.64,124.11,50,1278.06,,ğŸ‡¦ğŸ‡¿
52,Bahamas,32933.49,510,0.0,0,60.0,0,56.94,91.53,88.86,177.64,124.11,50,1099.08,,ğŸ‡§ğŸ‡¸
53,Bahrain,23503.98,510,0.0,0,60.0,0,56.94,91.53,88.86,177.64,124.11,50,1099.08,,ğŸ‡§ğŸ‡­
54,Bangladesh,1855.74,510,0.0,0,60.0,0,56.94,91.53,88.86,177.64,124.11,50,1099.08,,ğŸ‡§ğŸ‡©
55,Barbados,18148.24,510,160.0,0,36.0,0,56.94,91.53,88.86,177.64,124.11,50,1259.08,,ğŸ‡§ğŸ‡§
56,Belarus,6663.3,510,160.0,0,12.0,0,56.94,91.53,88.86,177.64,124.11,50,1259.08,,ğŸ‡§ğŸ‡¾
57,Belize,4815.16,510,0.0,0,60.0,0,56.94,91.53,88.86,177.64,124.11,50,1099.08,,ğŸ‡§ğŸ‡¿
58,Bhutan,3243.23,510,160.0,0,24.0,0,56.94,91.53,88.86,177.64,124.11,50,1259.08,2018 GDP per Capita,ğŸ‡§ğŸ‡¹
59,Bolivia,3552.07,510,0.0,0,60.0,0,56.94,91.53,88.86,177.64,124.11,50,1099.08,,ğŸ‡§ğŸ‡´
60,Bosnia and Herzegovina,6073.27,510,160.0,0,24.0,0,56.94,91.53,88.86,177.64,124.11,50,1259.08,,ğŸ‡§ğŸ‡¦
61,Botswana,7961.34,510,0.0,0,60.0,0,56.94,91.53,88.86,177.64,124.11,50,1099.08,,ğŸ‡§ğŸ‡¼
62,Brazil,8717.19,510,0.0,0,48.0,0,56.94,91.53,88.86,177.64,124.11,50,1099.08,,ğŸ‡§ğŸ‡·
63,Brunei,31086.75,510,0.0,0,60.0,0,56.94,91.53,88.86,177.64,124.11,50,1099.08,,ğŸ‡§ğŸ‡³
64,Bulgaria,9737.6,510,0.0,0,60.0,0,56.94,91.53,0.0,177.64,124.11,50,1010.22,European Union country.,ğŸ‡§ğŸ‡¬
65,Burkina Faso,774.84,510,160.0,0,12.0,0,56.94,91.53,88.86,177.64,124.11,50,1259.08,,ğŸ‡§ğŸ‡«
66,Burundi,261.25,510,160.0,0,12.0,0,56.94,91.53,88.86,177.64,124.11,50,1259.08,,ğŸ‡§ğŸ‡®
67,Cabo Verde,3603.78,510,0.0,0,60.0,0,56.94,91.53,88.86,177.64,124.11,50,1099.08,,ğŸ‡¨ğŸ‡»
68,Cambodia,1643.12,510,160.0,0,3.0,0,56.94,91.53,88.86,177.64,124.11,50,1259.08,,ğŸ‡°ğŸ‡­
69,Canada,46194.73,0,0.0,0,60.0,0,56.94,91.53,88.86,177.64,124.11,50,589.0799999999999,US F-1: Do not need visa to study in the USA.,ğŸ‡¨ğŸ‡¦
70,Chad,709.54,510,160.0,0,3.0,0,56.94,91.53,88.86,177.64,124.11,50,1259.08,,ğŸ‡¹ğŸ‡©
71,Chile,14896.45,510,160.0,0,12.0,0,56.94,91.53,88.86,177.64,124.11,50,1259.08,,ğŸ‡¨ğŸ‡±
72,China,10261.68,510,0.0,0,60.0,0,56.94,91.53,88.86,177.64,124.11,50,1099.08,,ğŸ‡¨ğŸ‡³
73,Colombia,6432.39,510,0.0,0,60.0,0,56.94,91.53,88.86,177.64,124.11,50,1099.08,,ğŸ‡¨ğŸ‡´
74,Congo (Congo-Brazzaville),2011.07,510,0.0,0,,0,56.94,91.53,88.86,177.64,124.11,50,1099.08,,ğŸ‡¨ğŸ‡¬
75,CÃ´te d'Ivoire,2286.16,510,0.0,0,60.0,0,56.94,91.53,88.86,177.64,124.11,50,1099.08,,ğŸ‡¨ğŸ‡®
76,Cuba,8821.82,510,0.0,0,60.0,0,56.94,91.53,88.86,177.64,124.11,50,1099.08,2018 GDP per Capita,ğŸ‡¨ğŸ‡º
77,Czechia (Czech Republic),23101.78,510,0.0,0,60.0,0,56.94,91.53,0.0,177.64,124.11,50,1010.22,European Union country.,ğŸ‡¨ğŸ‡¿
78,Democratic Republic of the Congo,545.22,510,160.0,0,1.0,0,56.94,91.53,88.86,177.64,124.11,50,1259.08,,ğŸ‡¨ğŸ‡©
79,Denmark,59822.09,510,0.0,0,49.0,0,56.94,91.53,0.0,177.64,124.11,50,1010.22,European Union country.,ğŸ‡©ğŸ‡°
80,Dominica,8300.38,510,0.0,0,60.0,0,56.94,91.53,88.86,177.64,124.11,50,1099.08,,ğŸ‡©ğŸ‡²
81,Dominican Republic,8282.12,510,160.0,0,24.0,0,56.94,91.53,88.86,177.64,124.11,50,1259.08,,ğŸ‡©ğŸ‡´
82,Ecuador,6183.82,510,160.0,0,29.0,0,56.94,91.53,88.86,177.64,124.11,50,1259.08,,ğŸ‡ªğŸ‡¨
83,Egypt,3020.03,510,0.0,0,60.0,0,56.94,91.53,88.86,177.64,124.11,50,1099.08,,ğŸ‡ªğŸ‡¬
84,El Salvador,4187.25,510,0.0,0,60.0,0,56.94,91.53,88.86,177.64,124.11,50,1099.08,,ğŸ‡¸ğŸ‡»
85,Equatorial Guinea,8131.92,510,0.0,0,60.0,0,56.94,91.53,88.86,177.64,124.11,50,1099.08,,ğŸ‡¬ğŸ‡¶
86,Eritrea,642.51,510,160.0,0,12.0,0,56.94,91.53,88.86,177.64,124.11,50,1259.08,2011 GDP per Capita,ğŸ‡ªğŸ‡·
87,Estonia,23659.87,510,0.0,0,60.0,0,56.94,91.53,0.0,177.64,124.11,50,1010.22,European Union country.,ğŸ‡ªğŸ‡ª
88,Ethiopia,857.5,510,160.0,0,0.0,0,56.94,91.53,88.86,177.64,124.11,50,1259.08,,ğŸ‡ªğŸ‡¹
89,Fiji,6220.05,510,0.0,0,60.0,0,56.94,91.53,88.86,177.64,124.11,50,1099.08,,ğŸ‡«ğŸ‡¯
90,France,40493.93,510,160.0,0,20.0,0,56.94,91.53,0.0,177.64,124.11,50,1170.22,European Union country.,ğŸ‡«ğŸ‡·
91,Gabon,7667.37,510,0.0,0,60.0,0,56.94,91.53,88.86,177.64,124.11,50,1099.08,,ğŸ‡¬ğŸ‡¦
92,Gambia,751.29,510,0.0,0,48.0,0,56.94,91.53,88.86,177.64,124.11,50,1099.08,,ğŸ‡¬ğŸ‡²
93,Georgia,4769.19,510,0.0,0,60.0,0,56.94,91.53,88.86,177.64,124.11,50,1099.08,,ğŸ‡¬ğŸ‡ª
94,Germany,46258.88,510,0.0,0,60.0,0,56.94,91.53,0.0,177.64,124.11,50,1010.22,European Union country.,ğŸ‡©ğŸ‡ª
95,Ghana,2202.12,510,0.0,0,48.0,0,75.92,91.53,88.86,177.64,124.11,50,1118.06,,ğŸ‡¬ğŸ‡­
96,Grenada,10965.51,510,0.0,0,60.0,0,56.94,91.53,88.86,177.64,124.11,50,1099.08,,ğŸ‡¬ğŸ‡©
97,Guatemala,4619.99,510,160.0,0,19.0,0,56.94,91.53,88.86,177.64,124.11,50,1259.08,,ğŸ‡¬ğŸ‡¹
98,Guinea,1064.13,510,160.0,0,36.0,0,56.94,91.53,88.86,177.64,124.11,50,1259.08,,ğŸ‡¬ğŸ‡³
99,Guinea-Bissau,697.78,510,160.0,0,15.0,0,56.94,91.53,88.86,177.64,124.11,50,1259.08,,ğŸ‡¬ğŸ‡¼
100,Guyana,5468.36,510,0.0,0,60.0,0,56.94,91.53,88.86,177.64,124.11,50,1099.08,,ğŸ‡¬ğŸ‡¾
101,Haiti,754.59,510,0.0,0,60.0,0,56.94,91.53,88.86,177.64,124.11,50,1099.08,,ğŸ‡­ğŸ‡¹
102,Hong Kong,48755.84,510,0.0,0,60.0,0,56.94,91.53,88.86,177.64,124.11,50,1099.08,,ğŸ‡­ğŸ‡°
103,Hungary,16475.74,510,0.0,0,60.0,0,56.94,91.53,0.0,177.64,124.11,50,1010.22,European Union country.,ğŸ‡­ğŸ‡º
104,India,2104.15,510,0.0,0,60.0,0,56.94,0.0,88.86,177.64,124.11,50,1007.5500000000001,,ğŸ‡®ğŸ‡³
105,Iran,5520.31,510,160.0,0,24.0,0,75.92,91.53,88.86,177.64,124.11,50,1278.06,2017 GDP per Capita,ğŸ‡®ğŸ‡·
106,Iraq,5955.11,510,160.0,0,12.0,0,56.94,91.53,88.86,177.64,124.11,50,1259.08,,ğŸ‡®ğŸ‡¶
107,Israel,43641.4,510,0.0,0,,0,56.94,91.53,88.86,177.64,124.11,50,1099.08,,ğŸ‡®ğŸ‡±
108,Italy,33189.57,510,160.0,0,16.0,0,56.94,91.53,0.0,177.64,124.11,50,1170.22,European Union country.,ğŸ‡®ğŸ‡¹
109,Jamaica,5582.26,510,0.0,0,60.0,0,56.94,91.53,88.86,177.64,124.11,50,1099.08,,ğŸ‡¯ğŸ‡²
110,Japan,40246.88,510,0.0,0,60.0,0,56.94,21.38,88.86,177.64,124.11,50,1028.93,,ğŸ‡¯ğŸ‡µ
111,Kazakhstan,9731.15,510,0.0,0,60.0,0,56.94,91.53,88.86,177.64,124.11,50,1099.08,,ğŸ‡°ğŸ‡¿
112,Kiribati,1655.08,510,160.0,0,36.0,0,56.94,91.53,88.86,177.64,124.11,50,1259.08,,ğŸ‡°ğŸ‡®
113,Kosovo,4417.51,510,160.0,0,24.0,0,56.94,91.53,88.86,177.64,124.11,50,1259.08,,ğŸ‡½ğŸ‡°
114,Kuwait,32031.98,510,0.0,0,60.0,0,56.94,91.53,88.86,177.64,124.11,50,1099.08,,ğŸ‡°ğŸ‡¼
115,Kyrgyzstan,1309.39,510,160.0,0,12.0,0,66.43,91.53,88.86,177.64,124.11,50,1268.57,,ğŸ‡°ğŸ‡¬
116,Laos,2534.9,510,0.0,0,,0,56.94,91.53,88.86,177.64,124.11,50,1099.08,,ğŸ‡±ğŸ‡¦
117,Latvia,17836.36,510,0.0,0,60.0,0,56.94,91.53,0.0,177.64,124.11,50,1010.22,European Union country.,ğŸ‡±ğŸ‡»
118,Lesotho,1157.54,510,0.0,0,56.0,0,56.94,91.53,88.86,177.64,124.11,50,1099.08,,ğŸ‡±ğŸ‡¸
119,Liberia,621.89,510,160.0,0,12.0,0,56.94,91.53,88.86,177.64,124.11,50,1259.08,,ğŸ‡±ğŸ‡·
120,Libya,7683.75,510,160.0,0,12.0,0,56.94,91.53,88.86,177.64,124.11,50,1259.08,,ğŸ‡±ğŸ‡¾
121,Lithuania,19455.45,510,160.0,0,24.0,0,56.94,91.53,0.0,177.64,124.11,50,1170.22,European Union country.,ğŸ‡±ğŸ‡¹
122,Luxembourg,114704.59,510,0.0,0,60.0,0,56.94,91.53,0.0,177.64,124.11,50,1010.22,European Union country.,ğŸ‡±ğŸ‡º
123,Madagascar,522.22,510,160.0,0,3.0,0,56.94,91.53,88.86,177.64,124.11,50,1259.08,,ğŸ‡²ğŸ‡¬
124,Malaysia,11414.84,510,0.0,0,60.0,0,56.94,91.53,88.86,177.64,124.11,50,1099.08,,ğŸ‡²ğŸ‡¾
125,Mali,890.74,510,0.0,0,60.0,0,56.94,91.53,88.86,177.64,124.11,50,1099.08,,ğŸ‡²ğŸ‡±
126,Malta,29416.23,510,0.0,0,60.0,0,56.94,91.53,0.0,177.64,124.11,50,1010.22,European Union country.,ğŸ‡²ğŸ‡¹
127,Marshall Islands,3788.16,510,160.0,0,12.0,0,56.94,91.53,88.86,177.64,124.11,50,1259.08,2018 GDP per Capita,ğŸ‡²ğŸ‡­
128,Mauritius,11203.54,510,0.0,0,60.0,0,56.94,91.53,88.86,177.64,124.11,50,1099.08,,ğŸ‡²ğŸ‡º
129,Mexico,9863.07,510,0.0,0,48.0,0,56.94,91.53,88.86,177.64,124.11,50,1099.08,,ğŸ‡²ğŸ‡½
130,Micronesia,3568.29,510,160.0,0,3.0,0,56.94,91.53,88.86,177.64,124.11,50,1259.08,2018 GDP per Capita,ğŸ‡«ğŸ‡²
131,Moldova,4498.52,510,0.0,0,60.0,0,56.94,91.53,88.86,177.64,124.11,50,1099.08,,ğŸ‡²ğŸ‡©
132,Monaco,185829.02,510,0.0,0,60.0,0,56.94,91.53,88.86,177.64,124.11,50,1099.08,2018 GDP per Capita,ğŸ‡²ğŸ‡¨
133,Mongolia,4295.24,510,160.0,0,36.0,0,56.94,91.53,88.86,177.64,124.11,50,1259.08,,ğŸ‡²ğŸ‡³
134,Montenegro,8832.04,510,160.0,0,24.0,0,56.94,91.53,88.86,177.64,124.11,50,1259.08,,ğŸ‡²ğŸ‡ª
135,Morocco,3204.1,510,0.0,0,60.0,0,56.94,91.53,88.86,177.64,124.11,50,1099.08,,ğŸ‡²ğŸ‡¦
136,Mozambique,491.8,510,160.0,0,12.0,0,56.94,91.53,88.86,177.64,124.11,50,1259.08,,ğŸ‡²ğŸ‡¿
137,Myanmar (formerly Burma),1407.81,510,0.0,0,,0,56.94,91.53,88.86,177.64,124.11,50,1099.08,,ğŸ‡²ğŸ‡²
138,Nauru,9396.98,510,0.0,0,60.0,0,56.94,91.53,88.86,177.64,124.11,50,1099.08,,ğŸ‡³ğŸ‡·
139,Nepal,1071.05,510,0.0,0,60.0,0,56.94,91.53,88.86,177.64,124.11,50,1099.08,,ğŸ‡³ğŸ‡µ
140,Netherlands,52447.83,510,0.0,0,50.0,0,56.94,91.53,0.0,177.64,124.11,50,1010.22,European Union country.,ğŸ‡³ğŸ‡±
141,New Zealand,42084.35,510,0.0,0,60.0,0,56.94,91.53,88.86,177.64,124.11,50,1099.08,,ğŸ‡³ğŸ‡¿
142,Nicaragua,1912.9,510,0.0,0,60.0,0,56.94,91.53,88.86,177.64,124.11,50,1099.08,,ğŸ‡³ğŸ‡®
143,North Macedonia,6093.15,510,0.0,0,60.0,0,56.94,91.53,88.86,177.64,124.11,50,1099.08,,ğŸ‡²ğŸ‡°
144,Oman,15474.03,510,0.0,0,60.0,0,56.94,91.53,88.86,177.64,124.11,50,1099.08,,ğŸ‡´ğŸ‡²
145,Pakistan,1284.7,510,0.0,0,60.0,0,56.94,15.01,88.86,177.64,124.11,50,1022.5600000000001,,ğŸ‡µğŸ‡°
146,Palau,15859.43,510,160.0,0,3.0,0,56.94,91.53,88.86,177.64,124.11,50,1259.08,2018 GDP per Capita,ğŸ‡µğŸ‡¼
147,Papua New Guinea,2845.18,510,160.0,0,12.0,0,56.94,91.53,88.86,177.64,124.11,50,1259.08,,ğŸ‡µğŸ‡¬
148,Peru,6977.7,510,0.0,0,60.0,0,56.94,91.53,88.86,177.64,124.11,50,1099.08,,ğŸ‡µğŸ‡ª
149,Philippines,3485.08,510,0.0,0,60.0,0,56.94,91.53,88.86,177.64,124.11,50,1099.08,,ğŸ‡µğŸ‡­
150,Poland,15595.23,510,0.0,0,60.0,0,56.94,91.53,0.0,177.64,124.11,50,1010.22,European Union country.,ğŸ‡µğŸ‡±
151,Portugal,23145.04,510,160.0,0,28.0,0,56.94,91.53,0.0,177.64,124.11,50,1170.22,European Union country.,ğŸ‡µğŸ‡¹
152,Qatar,64781.73,510,0.0,0,60.0,0,56.94,91.53,88.86,177.64,124.11,50,1099.08,,ğŸ‡¶ğŸ‡¦
153,Romania,12919.53,510,0.0,0,60.0,0,56.94,91.53,0.0,177.64,124.11,50,1010.22,European Union country.,ğŸ‡·ğŸ‡´
154,Russia,11585.0,510,0.0,0,,0,75.92,52.56,88.86,177.64,124.11,50,1079.09,Must pay to renew F-1 visa for each additional year in the US.,ğŸ‡·ğŸ‡º
155,Rwanda,801.66,510,0.0,0,60.0,0,56.94,91.53,88.86,177.64,124.11,50,1099.08,,ğŸ‡·ğŸ‡¼
156,Saint Kitts and Nevis,19896.5,510,160.0,0,25.0,0,56.94,91.53,88.86,177.64,124.11,50,1259.08,,ğŸ‡°ğŸ‡³
157,Saint Lucia,11611.42,510,0.0,0,60.0,0,56.94,91.53,88.86,177.64,124.11,50,1099.08,,ğŸ‡±ğŸ‡¨
158,Saint Vincent and the Grenadines,7463.54,510,0.0,0,60.0,0,56.94,91.53,88.86,177.64,124.11,50,1099.08,,ğŸ‡»ğŸ‡¨
159,San Marino,48481.01,510,160.0,0,16.0,0,56.94,91.53,88.86,177.64,124.11,50,1259.08,2018 GDP per Capita,ğŸ‡¸ğŸ‡²
160,Sao Tome and Principe,1994.91,510,160.0,0,6.0,0,56.94,91.53,88.86,177.64,124.11,50,1259.08,,ğŸ‡¸ğŸ‡¹
161,Saudi Arabia,23139.8,510,0.0,0,60.0,0,56.94,91.53,88.86,177.64,124.11,50,1099.08,,ğŸ‡¸ğŸ‡¦
162,Senegal,1446.83,510,160.0,0,36.0,0,94.9,91.53,88.86,177.64,124.11,50,1297.04,,ğŸ‡¸ğŸ‡³
163,Serbia,7402.35,510,160.0,0,15.0,0,56.94,91.53,88.86,177.64,124.11,50,1259.08,,ğŸ‡·ğŸ‡¸
164,Singapore,65233.28,510,0.0,0,60.0,0,56.94,91.53,88.86,177.64,124.11,50,1099.08,,ğŸ‡¸ğŸ‡¬
165,Slovakia,19329.1,510,0.0,0,60.0,0,56.94,91.53,0.0,177.64,124.11,50,1010.22,European Union country.,ğŸ‡¸ğŸ‡°
166,Slovenia,25739.25,510,160.0,0,24.0,0,56.94,91.53,0.0,177.64,124.11,50,1170.22,European Union country.,ğŸ‡¸ğŸ‡®
167,Solomon Islands,2127.54,510,0.0,0,60.0,0,56.94,91.53,88.86,177.64,124.11,50,1099.08,,ğŸ‡¸ğŸ‡§
168,Somalia,126.92,510,160.0,0,3.0,0,56.94,91.53,88.86,177.64,124.11,50,1259.08,1990 GDP per Capita,ğŸ‡¸ğŸ‡´
169,South Africa,6001.4,510,160.0,0,36.0,0,56.94,91.53,88.86,177.64,124.11,50,1259.08,,ğŸ‡¿ğŸ‡¦
170,South Korea,31761.98,510,0.0,0,60.0,0,0.0,91.53,88.86,177.64,124.11,50,1042.1399999999999,,ğŸ‡°ğŸ‡·
171,South Sudan,1119.65,510,160.0,0,3.0,0,56.94,91.53,88.86,177.64,124.11,50,1259.08,2015 GDP per Capita,ğŸ‡¸ğŸ‡¸
172,Spain,29613.67,510,0.0,0,60.0,0,56.94,91.53,0.0,177.64,124.11,50,1010.22,European Union country.,ğŸ‡ªğŸ‡¸
173,Sri Lanka,3853.08,510,0.0,0,60.0,0,56.94,0.0,88.86,177.64,124.11,50,1007.5500000000001,No information for Indian visa fee.,ğŸ‡±ğŸ‡°
174,Sudan,441.51,510,160.0,0,6.0,0,56.94,91.53,88.86,177.64,124.11,50,1259.08,,ğŸ‡¸ğŸ‡©
175,Suriname,6854.91,510,0.0,0,60.0,0,56.94,91.53,88.86,177.64,124.11,50,1099.08,India: No information on visa fee.,ğŸ‡¸ğŸ‡·
176,Syria,2032.62,510,160.0,0,3.0,0,56.94,91.53,88.86,177.64,124.11,50,1259.08,2007 GDP per Capita,ğŸ‡¸ğŸ‡¾
177,Taiwan,24827.9,510,0.0,0,60.0,0,56.94,91.53,88.86,177.64,124.11,0,1049.08,2019 GDP per Capita from other source: https://www.statista.com/statistics/727592/gross-domestic-product-gdp-per-capita-in-taiwan/#:~:text=In%202018%2C%20the%20GDP%20perto%20around%2025%2C007.75%20U.S.%20dollars.,ğŸ‡¹ğŸ‡¼
178,Tajikistan,870.79,510,160.0,0,12.0,0,47.45,91.53,88.86,177.64,124.11,50,1249.59,,ğŸ‡¹ğŸ‡¯
179,Timor-Leste,1294.19,510,160.0,0,3.0,0,56.94,91.53,88.86,177.64,124.11,50,1259.08,,ğŸ‡¹ğŸ‡±
180,Tonga,4364.02,510,160.0,0,18.0,0,56.94,91.53,88.86,177.64,124.11,50,1259.08,2018 GDP per Capita,ğŸ‡¹ğŸ‡´
181,Trinidad and Tobago,17276.47,510,0.0,0,60.0,0,56.94,91.53,88.86,177.64,124.11,50,1099.08,,ğŸ‡¹ğŸ‡¹
182,Tunisia,3317.54,510,0.0,0,60.0,0,56.94,91.53,88.86,177.64,124.11,50,1099.08,,ğŸ‡¹ğŸ‡³
183,Turkey,9042.49,510,0.0,0,60.0,0,56.94,91.53,88.86,177.64,124.11,50,1099.08,,ğŸ‡¹ğŸ‡·
184,Uganda,776.77,510,160.0,0,12.0,0,56.94,91.53,88.86,177.64,124.11,50,1259.08,,ğŸ‡ºğŸ‡¬
185,Ukraine,3659.03,510,160.0,0,36.0,0,56.94,96.41,88.86,177.64,124.11,50,1263.96,,ğŸ‡ºğŸ‡¦
186,United Kingdom,42300.27,510,0.0,0,60.0,0,189.8,236.72,88.86,177.64,0.0,50,1253.02,No longer European Union Country.,ğŸ‡¬ğŸ‡§
187,United States of America,65118.36,0,0.0,0,,0,58.5,111.02,88.86,177.64,124.11,50,610.13,,ğŸ‡ºğŸ‡¸
188,Uruguay,16190.13,510,0.0,0,60.0,0,56.94,91.53,88.86,177.64,124.11,50,1099.08,,ğŸ‡ºğŸ‡¾
189,Uzbekistan,1724.84,510,160.0,0,12.0,0,66.43,91.53,88.86,177.64,124.11,50,1268.57,,ğŸ‡ºğŸ‡¿
190,Vanuatu,3058.07,510,160.0,0,12.0,0,56.94,91.53,88.86,177.64,124.11,50,1259.08,,ğŸ‡»ğŸ‡º
191,Venezuela,16054.49,510,0.0,0,60.0,0,56.94,91.53,88.86,177.64,124.11,50,1099.08,2014 GDP per Capita,ğŸ‡»ğŸ‡ª
192,Vietnam,2715.28,510,160.0,0,12.0,0,47.45,91.53,88.86,177.64,124.11,50,1249.59,Must pay to renew F-1 visa for each additional year in the US.,ğŸ‡»ğŸ‡³
193,Zambia,1291.34,510,0.0,0,60.0,0,56.94,91.53,88.86,177.64,124.11,50,1099.08,,ğŸ‡¿ğŸ‡²
194,Zimbabwe,1463.99,510,160.0,0,24.0,0,56.94,91.53,88.86,177.64,124.11,50,1259.08,,ğŸ‡¿ğŸ‡¼
