,id,full_text,favorite_count,retweet_count,created_at
0,1318930528393986049,punkify,203,44,2020-10-21 15:01:57
1,1318885210906370051,amiante,11,0,2020-10-21 12:01:52
2,1318613446020259853,pentalogue,10,0,2020-10-20 18:01:58
3,1318613420602634241,apocalypst,60,5,2020-10-20 18:01:52
4,1318485488701943808,casedemic,13,2,2020-10-20 09:33:31
5,1318485193095860225,digresser,12,1,2020-10-20 09:32:20
6,1318326513864003584,soccering,168,27,2020-10-19 23:01:48
7,1318318981514756096,jokduri,13,2,2020-10-19 22:31:53
8,1318318946043547654,operculums,20,0,2020-10-19 22:31:44
9,1318273670045978624,cyberrelations,130,41,2020-10-19 19:31:49
10,1318258620648333314,equipotent,17,3,2020-10-19 18:32:01
11,1318258605460738055,aestheticizers,30,6,2020-10-19 18:31:58
12,1318205751026978819,kapao,22,3,2020-10-19 15:01:56
13,1318152868222959618,ultimaybe,167,33,2020-10-19 11:31:48
14,1318122789237293056,yooperlite,23,2,2020-10-19 09:32:17
15,1318122724116598784,busero,49,7,2020-10-19 09:32:01
16,1317715004179742720,guerrilleras,155,33,2020-10-18 06:31:53
17,1317488527194673152,mardomi,8,0,2020-10-17 15:31:57
18,1317405454557978625,spaghettified,219,46,2020-10-17 10:01:51
19,1317405445317922816,spaghettification,2106,368,2020-10-17 10:01:49
20,1317405445317922816,spaghettification,2106,368,2020-10-17 10:01:49
21,1317254464705888256,underlevered,174,23,2020-10-17 00:01:52
22,1317141204493094912,shipageddon,43,4,2020-10-16 16:31:49
23,1317111053721964544,portraitize,25,2,2020-10-16 14:32:00
24,1317111021308346374,melleum,10,0,2020-10-16 14:31:52
25,1317088401938649089,froufy,50,7,2020-10-16 13:01:59
26,1317035760810418183,bullfest,45,8,2020-10-16 09:32:49
27,1317035721698516992,obbys,15,0,2020-10-16 09:32:40
28,1316673583897366530,curselike,32,7,2020-10-15 09:33:39
29,1316673279374045185,koselig,137,25,2020-10-15 09:32:27
30,1316673269693640704,outdoorphins,614,97,2020-10-15 09:32:24
31,1316673260302540801,frilufstliv,36,3,2020-10-15 09:32:22
32,1316673233933029377,envenomings,11,3,2020-10-15 09:32:16
33,1316446691269242882,unilluminatable,21,3,2020-10-14 18:32:04
34,1316446661791617025,enigmatologists,53,8,2020-10-14 18:31:57
35,1316318288545230848,scamdemic,155,27,2020-10-14 10:01:50
36,1316310888811560961,sectionmates,3,1,2020-10-14 09:32:26
37,1316310871270977536,bellowingly,9,1,2020-10-14 09:32:22
38,1316303175771664389,sumppi,14,2,2020-10-14 09:01:47
39,1316174889129213953,overcensorship,57,10,2020-10-14 00:32:01
40,1316159766977183745,supergovernmental,61,13,2020-10-13 23:31:56
41,1316099323994820608,claspsing,36,3,2020-10-13 19:31:45
42,1316069135416164354,ekatvam,13,1,2020-10-13 17:31:47
43,1316061567813849088,zenodo,11,1,2020-10-13 17:01:43
44,1316054053483356161,psin,35,3,2020-10-13 16:31:52
45,1316008747198754817,landscrapers,50,5,2020-10-13 13:31:50
46,1316008739082768384,sidescrapers,39,8,2020-10-13 13:31:48
47,1315978635682160640,chimango,29,6,2020-10-13 11:32:11
48,1315978627998191616,signurio,3,0,2020-10-13 11:32:09
49,1315970971015221253,leaderacknowledged,19,1,2020-10-13 11:01:43
50,1315956338036551681,chimangos,24,5,2020-10-13 10:03:34
51,1315956301239910402,molsamer,4,0,2020-10-13 10:03:26
52,1315956073023537152,gannef,9,1,2020-10-13 10:02:31
53,1315956017960808448,ephemeralizing,26,6,2020-10-13 10:02:18
54,1315955979058585608,galifty,4,0,2020-10-13 10:02:09
55,1315955912163708928,delighteous,34,5,2020-10-13 10:01:53
56,1315759587434397703,hellsite,6065,1357,2020-10-12 21:01:45
57,1315736940445040641,ladyology,68,14,2020-10-12 19:31:46
58,1315699213624279040,skimboard,24,1,2020-10-12 17:01:51
59,1315344376802017280,frackingon,34,1,2020-10-11 17:31:52
60,1315329281069809664,longwool,19,3,2020-10-11 16:31:52
61,1315132976188002304,xenoarchaeologist,123,17,2020-10-11 03:31:50
62,1315132948606316544,subgenomic,17,1,2020-10-11 03:31:43
63,1314710196011360256,rhythmize,70,16,2020-10-09 23:31:51
64,1314649825770602497,butchermen,14,0,2020-10-09 19:31:58
65,1314649798742618118,glitchlessly,94,11,2020-10-09 19:31:51
66,1314642267936874499,hyperconsumptive,57,10,2020-10-09 19:01:56
67,1314506462035668992,gladhandedness,28,2,2020-10-09 10:02:17
68,1314506436530049024,ethicalism,30,5,2020-10-09 10:02:11
69,1314498922124107777,zooarchaeological,34,6,2020-10-09 09:32:19
70,1314279860144156675,videokes,28,5,2020-10-08 19:01:51
71,1314257235460214788,intransgressible,30,1,2020-10-08 17:31:57
72,1314249667731914759,druggily,59,10,2020-10-08 17:01:53
73,1314196842125684736,whitesplainers,425,58,2020-10-08 13:31:58
74,1314166639638831104,shiving,23,4,2020-10-08 11:31:57
75,1314136610552844288,greensick,15,1,2020-10-08 09:32:38
76,1313902358137577480,piquiá,42,5,2020-10-07 18:01:47
77,1313849560876355585,ofthroughout,18,3,2020-10-07 14:32:00
78,1313796687496966144,alloparents,15,0,2020-10-07 11:01:54
79,1313781563302313999,rebunkering,45,14,2020-10-07 10:01:48
80,1313668388082810881,undermixed,42,4,2020-10-07 02:32:05
81,1313615454867542016,bribesfor,14,2,2020-10-06 23:01:44
82,1313577744475844609,restreams,14,1,2020-10-06 20:31:54
83,1313539971547004933,ndiguel,11,2,2020-10-06 18:01:48
84,1313412135704199169,scoundreling,18,5,2020-10-06 09:33:49
85,1313412126720090113,glossifying,11,2,2020-10-06 09:33:47
86,1313412118536912896,godsize,45,5,2020-10-06 09:33:45
87,1313411823706791936,hyperprolific,46,4,2020-10-06 09:32:35
88,1313411700088020993,amortie,10,0,2020-10-06 09:32:05
89,1313237991251378176,chitterchatter,96,8,2020-10-05 22:01:50
90,1313154960587096068,amongroommates,59,6,2020-10-05 16:31:54
91,1313139868038508545,fraksi,10,1,2020-10-05 15:31:56
92,1313132298183860226,quesolike,414,62,2020-10-05 15:01:51
93,1313056768642215936,nonmercantilist,27,6,2020-10-05 10:01:43
94,1313049300834955266,telamones,3,2,2020-10-05 09:32:03
95,1312958754992852994,mobiuses,61,11,2020-10-05 03:32:15
96,1312890696194502656,friyers,14,1,2020-10-04 23:01:48
97,1312815225939337218,commingl,60,5,2020-10-04 18:01:55
98,1312422639084937216,hogweeds,28,4,2020-10-03 16:01:55
99,1312415066147430401,megablazes,52,13,2020-10-03 15:31:49
100,1312324515456843776,recreationalized,36,4,2020-10-03 09:32:00
101,1312218850868559872,nonmonagamous,179,14,2020-10-03 02:32:08
102,1312173437469696001,nonmasked,416,89,2020-10-02 23:31:41
103,1312128216392376321,moebiuses,51,14,2020-10-02 20:31:59
104,1312105543360634881,deaccessing,26,7,2020-10-02 19:01:53
105,1312052651773825027,mijito,1144,215,2020-10-02 15:31:43
106,1312037714427076609,futbolín,1590,407,2020-10-02 14:32:22
107,1311999808375226368,boujaads,5,1,2020-10-02 12:01:44
108,1311984764904243200,immunostimulating,40,7,2020-10-02 11:01:58
109,1311984719429603328,taraadi,0,1,2020-10-02 11:01:47
110,1311962503849668608,biofactory,11,2,2020-10-02 09:33:30
111,1311962145756721153,underhanders,3,1,2020-10-02 09:32:05
112,1311909269277741059,orkoiyot,28,5,2020-10-02 06:01:58
113,1311886552075821058,yellowhammers,35,5,2020-10-02 04:31:42
114,1311803532035661827,chestburster,195,41,2020-10-01 23:01:48
115,1311660098775855104,malangguy,6,1,2020-10-01 13:31:51
116,1311660090160803840,tinola,13,3,2020-10-01 13:31:49
117,1311644997557587968,bespittles,23,4,2020-10-01 12:31:51
118,1311629853238661122,mumblegore,225,34,2020-10-01 11:31:40
119,1311599826174308353,beenlaying,20,5,2020-10-01 09:32:21
120,1311599703402967040,envelopers,13,2,2020-10-01 09:31:52
121,1311418524410183680,webcammers,60,8,2020-09-30 21:31:55
122,1311373182226649094,instapoll,44,5,2020-09-30 18:31:45
123,1311335560821321741,abbotbod,16,2,2020-09-30 16:02:15
124,1311237589278564352,atsisveikinimas,19,3,2020-09-30 09:32:57
125,1311237579757498368,sveiki,3,1,2020-09-30 09:32:55
126,1311199796397473793,nonjudiciary,17,1,2020-09-30 07:02:47
127,1311063927929942017,cazzutta,13,1,2020-09-29 22:02:53
128,1310988389500493831,cyberpandemic,254,76,2020-09-29 17:02:43
129,1310965776111882241,appressoria,4,1,2020-09-29 15:32:52
130,1310965767849029634,sclerotiorum,7,0,2020-09-29 15:32:50
131,1310935531799359507,biocomplexity,39,6,2020-09-29 13:32:41
132,1310928008858005504,garvieae,3,1,2020-09-29 13:02:47
133,1310875238377426944,decoloniality,43,6,2020-09-29 09:33:06
134,1310709009087950851,intraseries,11,1,2020-09-28 22:32:34
135,1310641122331553795,kkwarigochu,13,2,2020-09-28 18:02:48
136,1310641114735505409,jangjorim,10,2,2020-09-28 18:02:46
137,1310641100252753923,jeotgal,9,2,2020-09-28 18:02:43
138,1310626093783822337,all’origine,13,3,2020-09-28 17:03:05
139,1310626085818839042,produtto,7,1,2020-09-28 17:03:03
140,1310626078071885825,disperdere,5,0,2020-09-28 17:03:01
141,1310626033268404226,grosselage,3,1,2020-09-28 17:02:51
142,1310626024305168384,récoltante,5,0,2020-09-28 17:02:49
143,1310565637555712001,vatically,17,1,2020-09-28 13:02:51
144,1310565629074735104,scurfpea,19,2,2020-09-28 13:02:49
145,1310565621025984513,stipulatum,9,0,2020-09-28 13:02:47
146,1310512774808825856,psychoticism,27,5,2020-09-28 09:32:48
147,1310512766864822272,anxitiousness,50,15,2020-09-28 09:32:46
148,1310376922510229505,juuuuuuust,836,111,2020-09-28 00:32:58
149,1310361806653861888,nerdquarium,118,31,2020-09-27 23:32:54
150,1310354222316220417,cybercartels,46,13,2020-09-27 23:02:46
151,1310308947723776001,overwoke,389,61,2020-09-27 20:02:52
152,1310225900831735808,pornomime,89,20,2020-09-27 14:32:52
153,1310074941325410310,counterstriking,61,11,2020-09-27 04:33:00
154,1310044673994612736,probablyhas,72,10,2020-09-27 02:32:44
155,1309908800892264448,glycyrrhizic,66,8,2020-09-26 17:32:49
156,1309425869811785728,partisaned,17,3,2020-09-25 09:33:49
157,1309425725464866816,personstill,8,1,2020-09-25 09:33:15
158,1309425637929758720,spectatorless,23,11,2020-09-25 09:32:54
159,1309289729649770501,cardinaluntil,17,2,2020-09-25 00:32:51
160,1309176442861891586,homorhythmic,73,17,2020-09-24 17:02:41
161,1309123638592000008,flyposting,17,1,2020-09-24 13:32:52
162,1309123600771944449,mercaditos,134,26,2020-09-24 13:32:43
163,1309063355580256259,yaysayer,188,35,2020-09-24 09:33:19
164,1309033018078695426,multitexture,20,1,2020-09-24 07:32:46
165,1308995373411819523,virovores,17,1,2020-09-24 05:03:11
166,1308995359105069056,picozoa,15,0,2020-09-24 05:03:08
167,1308995351471325184,choanozoa,14,0,2020-09-24 05:03:06
168,1308814085035905033,rumpology,65,12,2020-09-23 17:02:49
169,1308761267935510532,multisales,8,0,2020-09-23 13:32:56
170,1308700990280028160,murble,21,5,2020-09-23 09:33:25
171,1308700876865974272,schoolcation,47,8,2020-09-23 09:32:58
172,1308497032823345152,videofication,40,6,2020-09-22 20:02:57
173,1308497013491879936,dadlifejason,35,7,2020-09-22 20:02:53
174,1308497005501722624,itsnotjakefuller,22,1,2020-09-22 20:02:51
175,1308474371367931904,rasquache,9,2,2020-09-22 18:32:55
176,1308474363230990346,ghostlings,82,19,2020-09-22 18:32:53
177,1308429107353522181,surfbreaks,18,3,2020-09-22 15:33:03
178,1308429069424394240,uncertaintyled,17,3,2020-09-22 15:32:54
179,1308406405054029829,blubberstones,31,2,2020-09-22 14:02:50
180,1308346005667053568,judgeocracy,50,12,2020-09-22 10:02:50
181,1308300711000588290,bloodybelly,33,6,2020-09-22 07:02:51
182,1308285710726647809,ecotox,22,3,2020-09-22 06:03:14
183,1308187559432945667,understepping,28,5,2020-09-21 23:33:13
184,1308134722334322694,lahpet,7,0,2020-09-21 20:03:16
185,1308134707901718528,khaut,4,2,2020-09-21 20:03:12
186,1308127162768162816,estaríamos,758,174,2020-09-21 19:33:14
187,1308104548536520705,theatering,43,8,2020-09-21 18:03:22
188,1308051697533673477,tserensodnomi,14,0,2020-09-21 14:33:21
189,1308051689065377798,fahimii,2,0,2020-09-21 14:33:19
190,1307991286545297408,lllustrations,55,4,2020-09-21 10:33:18
191,1307840355237232641,tumblesaulted,27,4,2020-09-21 00:33:33
192,1307772404152795137,insperation,53,13,2020-09-20 20:03:33
193,1307772395831406596,actavist,73,10,2020-09-20 20:03:31
194,1307772387681865728,dreamd,37,7,2020-09-20 20:03:29
195,1307613867946782720,scoophead,44,5,2020-09-20 09:33:35
196,1307613854097125377,cephalofoil,15,2,2020-09-20 09:33:31
197,1307613839882625024,cephalophoil,15,3,2020-09-20 09:33:28
198,1307613831930273792,cephalofoils,12,2,2020-09-20 09:33:26
199,1307583664599990280,civiccomplaint,21,1,2020-09-20 07:33:34
200,1307251459973578752,cyclooctasulfur,17,2,2020-09-19 09:33:30
201,1307221234070028289,upfakes,43,3,2020-09-19 07:33:23
202,1307221212628750336,d’mai,7,0,2020-09-19 07:33:18
203,1307198651404562432,fraughts,22,2,2020-09-19 06:03:39
204,1307085339257954304,escondelero,14,3,2020-09-18 22:33:24
205,1307085331452301313,jocotes,6,3,2020-09-18 22:33:22
206,1307040073108664323,tremella,5,0,2020-09-18 19:33:31
207,1307032526016438272,bibliofriends,157,37,2020-09-18 19:03:32
208,1307009817094086656,approachare,9,1,2020-09-18 17:33:18
209,1306949390477688833,d’arredamento,20,2,2020-09-18 13:33:11
210,1306889057788669953,zeders,17,3,2020-09-18 09:33:26
211,1306760667471458310,sysloop,19,3,2020-09-18 01:03:16
212,1306662518350376961,rubbertramps,16,5,2020-09-17 18:33:15
213,1306609658325540867,expectunprecedented,101,24,2020-09-17 15:03:12
214,1306541743236669440,insuretech,13,3,2020-09-17 10:33:20
215,1306337918735331338,positiviy,160,18,2020-09-16 21:03:25
216,1306300194242416642,gympietides,23,1,2020-09-16 18:33:30
217,1306262409837936642,smoothified,101,18,2020-09-16 16:03:22
218,1306239760135008256,chasedown,18,5,2020-09-16 14:33:22
219,1306179369770061824,boliviensis,8,2,2020-09-16 10:33:24
220,1306020850227871744,banksianus,25,2,2020-09-16 00:03:30
221,1305930235490308098,snacevery,17,0,2020-09-15 18:03:25
222,1305884966765629440,trompos,52,14,2020-09-15 15:03:32
223,1305869897663217665,palliasses,10,1,2020-09-15 14:03:40
224,1305824546596024321,ecopessimism,231,59,2020-09-15 11:03:27
225,1305801959090401281,sacroiliitis,6,1,2020-09-15 09:33:42
226,1305801919219326977,tripoding,24,0,2020-09-15 09:33:32
227,1305613134682619905,smized,272,36,2020-09-14 21:03:23
228,1305545262065164288,unfearsome,20,7,2020-09-14 16:33:40
229,1305515035679240192,bitou,17,3,2020-09-14 14:33:34
230,1305485123996000264,unwaiting,51,18,2020-09-14 12:34:42
231,1305485091393728513,howeverfold,24,7,2020-09-14 12:34:35
232,1305484857733189632,amatively,5,0,2020-09-14 12:33:39
233,1305484830663045123,underlapp’d,8,1,2020-09-14 12:33:33
234,1305484816784265216,camerados,12,2,2020-09-14 12:33:29
235,1305288567388864512,federalwide,18,2,2020-09-13 23:33:40
236,1305016714258796544,downdepictions,14,1,2020-09-13 05:33:25
237,1305001631734472704,makareru,22,2,2020-09-13 04:33:29
238,1304707108793913344,streggae,33,5,2020-09-12 09:03:09
239,1304548611301281793,narcisisstic,194,22,2020-09-11 22:33:20
240,1304533504076787714,diplobrat,159,17,2020-09-11 21:33:19
241,1304495758234865664,ultraprosperity,37,14,2020-09-11 19:03:19
242,1304495749477081088,ultraindividualism,81,22,2020-09-11 19:03:17
243,1304473075753332736,semiquincentennial,97,10,2020-09-11 17:33:11
244,1304382763471171589,postcoronavirus,712,137,2020-09-11 11:34:19
245,1304382743514689536,protocomets,10,2,2020-09-11 11:34:14
246,1304382614644625408,supersharers,28,7,2020-09-11 11:33:44
247,1304382588778414084,skybeams,20,3,2020-09-11 11:33:38
248,1304125784819470338,hypocular,3,2,2020-09-10 18:33:11
249,1304080456527339521,geolocations,33,6,2020-09-10 15:33:04
250,1304065365320904704,muiracatiara,13,4,2020-09-10 14:33:06
251,1304035168861257732,kriegt,19,3,2020-09-10 12:33:06
252,1303959663541710848,raspas,85,21,2020-09-10 07:33:04
253,1303816272350769152,koncotion,21,2,2020-09-09 22:03:17
254,1303816265073668099,kreated,20,5,2020-09-09 22:03:15
255,1303816257490354178,karefully,77,10,2020-09-09 22:03:14
256,1303657732566908929,recasted,11,0,2020-09-09 11:33:18
257,1303627728785149952,jaykei,15,3,2020-09-09 09:34:05
258,1303627720283369472,espinology,5,1,2020-09-09 09:34:03
259,1303484131519717381,metaltail,21,3,2020-09-09 00:03:29
260,1303484123470794752,violetear,39,6,2020-09-09 00:03:27
261,1303431280273612803,postconceptualism,115,29,2020-09-08 20:33:28
262,1303340651493437440,manybrands,19,2,2020-09-08 14:33:20
263,1303265548533460993,chonete,16,5,2020-09-08 09:34:54
264,1303265540568485889,costaricensis,3,0,2020-09-08 09:34:53
265,1303265231410470912,doomsdayer,26,8,2020-09-08 09:33:39
266,1303265188385353729,flexcations,11,3,2020-09-08 09:33:29
267,1303265180185440256,workcations,65,14,2020-09-08 09:33:27
268,1303265147109208064,coronaphobia,186,45,2020-09-08 09:33:19
269,1303257605909905409,pandepic,297,48,2020-09-08 09:03:21
270,1303257597798121475,humanizingly,18,4,2020-09-08 09:03:19
271,1303227412826779649,superbackers,12,3,2020-09-08 07:03:22
272,1302872602520813569,medjoul,52,2,2020-09-07 07:33:29
273,1302797153656594432,carapachi,17,4,2020-09-07 02:33:40
274,1302329002917605383,slondok,15,5,2020-09-05 19:33:25
275,1302283703025111040,nonwindy,37,2,2020-09-05 16:33:24
276,1302283695441747968,sunpaper,21,5,2020-09-05 16:33:22
277,1302276165546237953,antivax,278,27,2020-09-05 16:03:27
278,1301989212007342082,unencased,25,3,2020-09-04 21:03:12
279,1301928855654084609,camptastic,58,14,2020-09-04 17:03:22
280,1301891080418406401,composta,35,1,2020-09-04 14:33:16
281,1301883512006508545,recontribute,14,3,2020-09-04 14:03:11
282,1301823167443415040,congressively,24,3,2020-09-04 10:03:24
283,1301702324298166276,supersolvers,38,7,2020-09-04 02:03:13
284,1301657017933848576,allowingresidents,35,7,2020-09-03 23:03:11
285,1301657007410249730,manufacturingwould,32,2,2020-09-03 23:03:08
286,1301566465603186694,griskin,9,1,2020-09-03 17:03:21
287,1301566457717886976,histoplasmotic,13,1,2020-09-03 17:03:20
288,1301453373452017665,foilboarding,21,2,2020-09-03 09:33:58
289,1301272077891141633,taurursodiol,10,0,2020-09-02 21:33:34
290,1301264450977255425,unsportsmanlikes,42,8,2020-09-02 21:03:16
291,1301241847696760839,drotrecogin,10,0,2020-09-02 19:33:27
292,1301105912803983361,overpot,8,1,2020-09-02 10:33:17
293,1301105880130359296,peperomioides,13,3,2020-09-02 10:33:09
294,1301090978191806465,solemniser,8,1,2020-09-02 09:33:56
295,1301090939293794304,shmegular,199,36,2020-09-02 09:33:47
296,1300902083844071426,rapeyness,132,12,2020-09-01 21:03:21
297,1300819863259287552,interfighting,19,4,2020-09-01 15:36:38
298,1300774632555974656,asaa,17,4,2020-09-01 12:36:54
299,1300729569130033153,mwenkanonkano,24,9,2020-09-01 09:37:50
300,1300616119129178114,minislash,18,4,2020-09-01 02:07:01
301,1300593503689494529,cisheteropatriarchalism,627,105,2020-09-01 00:37:09
302,1300593495439278083,cisheteropatriarchal,583,101,2020-09-01 00:37:07
303,1300480195573559305,whiterly,28,6,2020-08-31 17:06:55
304,1300449960115286018,micropassing,61,16,2020-08-31 15:06:46
305,1300125383182954497,gettingresults,41,9,2020-08-30 17:37:01
306,1300125374655979520,vaccing,17,4,2020-08-30 17:36:59
307,1300004632702472192,hypopigmented,35,6,2020-08-30 09:37:12
308,1299747856916639745,timesaved,28,7,2020-08-29 16:36:51
309,1299642125022265345,waackers,36,3,2020-08-29 09:36:43
310,1299483690414886912,powersview,19,1,2020-08-28 23:07:09
311,1299438345752375296,lullabyish,29,7,2020-08-28 20:06:58
312,1299438336294227968,ppcocaine,888,150,2020-08-28 20:06:56
313,1299408178900328453,rachadinha,13172,2805,2020-08-28 18:07:06
314,1299393187753193478,troscad,5,0,2020-08-28 17:07:32
315,1299354423169372161,joyhouse,31,6,2020-08-28 14:33:29
316,1299354391145832449,telepsychaitry,24,6,2020-08-28 14:33:22
317,1299286634098290688,vesiculation,8,2,2020-08-28 10:04:07
318,1299286620479381504,conjunctivital,8,4,2020-08-28 10:04:04
319,1299286561624862721,santart,7,0,2020-08-28 10:03:50
320,1299286496642506757,neurorights,34,11,2020-08-28 10:03:35
321,1299286488493035522,neurograin,6,1,2020-08-28 10:03:33
322,1299286480641232897,neurograins,13,2,2020-08-28 10:03:31
323,1299278942889742337,waldkindergartens,48,9,2020-08-28 09:33:34
324,1299278913512841216,catdust,71,12,2020-08-28 09:33:27
325,1299105262645776389,nonparallels,37,5,2020-08-27 22:03:25
326,1299007102183264257,borrachero,376,81,2020-08-27 15:33:22
327,1298999577756995584,paleomammalogy,57,6,2020-08-27 15:03:28
328,1298924047192018944,wiolent,182,21,2020-08-27 10:03:20
329,1298803261202411520,kachazzen,12,0,2020-08-27 02:03:22
330,1298803253606600704,ceahhetan,9,1,2020-08-27 02:03:20
331,1298803245842915335,cachinnare,10,1,2020-08-27 02:03:19
332,1298667372618842113,woketopian,175,37,2020-08-26 17:03:24
333,1298629635220144129,macrorhini,30,3,2020-08-26 14:33:27
334,1298569235841585152,cylindricus,15,3,2020-08-26 10:33:26
335,1298569221815902209,clavatum,11,3,2020-08-26 10:33:23
336,1298561711994286081,counterprotested,25,6,2020-08-26 10:03:32
337,1298554265577967617,cyberstings,12,2,2020-08-26 09:33:57
338,1298554244577067008,lvling,21,4,2020-08-26 09:33:52
339,1298403150483816454,cybersteal,63,8,2020-08-25 23:33:28
340,1298372917273735168,influenzain,29,1,2020-08-25 21:33:20
341,1298342747594776590,mouthily,40,1,2020-08-25 19:33:27
342,1298342738950316032,howlingbanderlootinggrifter,110,30,2020-08-25 19:33:25
343,1298342730976972806,dirtyallover,35,12,2020-08-25 19:33:23
344,1298342723020378113,bentouttashape,36,4,2020-08-25 19:33:21
345,1298342685179351040,burofax,15496,3723,2020-08-25 19:33:12
346,1298320089348022275,bapbuns,25,3,2020-08-25 18:03:25
347,1298320081500418048,baprolls,16,2,2020-08-25 18:03:23
348,1298259746135318531,midpandemic,333,50,2020-08-25 14:03:38
349,1298252121377308672,pseudoachondroplasia,46,8,2020-08-25 13:33:20
350,1298199403178663936,protomasculine,39,9,2020-08-25 10:03:51
351,1298199282378592256,narcomoney,53,23,2020-08-25 10:03:22
352,1298191806732144640,censorish,22,5,2020-08-25 09:33:40
353,1298161517645438976,exovorus,11,2,2020-08-25 07:33:19
354,1298161502898262019,coralliilyticus,11,1,2020-08-25 07:33:15
355,1298116286258524160,woketopians,254,64,2020-08-25 04:33:35
357,1297904948739543041,reggaetones,288,42,2020-08-24 14:33:48
358,1297829471513346048,chabocos,13,4,2020-08-24 09:33:53
359,1297436881194557440,sopheapm,13,0,2020-08-23 07:33:52
360,1297104766867329024,bluering,8,1,2020-08-22 09:34:10
361,1297104728774541313,multifasciata,38,2,2020-08-22 09:34:01
362,1297104720616656896,multibarred,7,0,2020-08-22 09:33:59
363,1296900937865469957,funiculae,23,4,2020-08-21 20:04:13
364,1296900905779040261,necrophoric,20,9,2020-08-21 20:04:05
365,1296900892537561088,inoperosità,5,1,2020-08-21 20:04:02
366,1296900877576544261,negazionista,18,9,2020-08-21 20:03:59
367,1296893300427886595,overchewed,37,5,2020-08-21 19:33:52
368,1296885831651786753,fiended,32,6,2020-08-21 19:04:11
369,1296885775678701575,fontheads,84,11,2020-08-21 19:03:58
370,1296863137942188032,hotboy,1062,195,2020-08-21 17:34:01
371,1296855598781403138,desplintering,15,3,2020-08-21 17:04:03
372,1296855590631813121,intellectacle,19,3,2020-08-21 17:04:01
373,1296749906577809408,fontsmith,55,3,2020-08-21 10:04:04
374,1296742471578398720,habah,6,5,2020-08-21 09:34:32
375,1296742361041719297,politifest,12,4,2020-08-21 09:34:05
376,1296636660042661888,schnoozeday,110,27,2020-08-21 02:34:04
377,1296523408159789057,docufictions,28,6,2020-08-20 19:04:03
378,1296440431597756416,ragetweeting,1170,254,2020-08-20 13:34:20
379,1296440409208565760,fussbett,17,2,2020-08-20 13:34:14
380,1296440387624738816,macuilí,7,1,2020-08-20 13:34:09
381,1296380409656348673,looksmaxxing,192,40,2020-08-20 09:35:49
382,1296380152100933633,orthotropics,7,1,2020-08-20 09:34:48
383,1296380017111433217,googoonyella,13,4,2020-08-20 09:34:16
384,1296380003765161984,jeerung,2,0,2020-08-20 09:34:13
385,1296349798401019905,orbivore,82,19,2020-08-20 07:34:11
386,1296349790066937856,orbivores,26,5,2020-08-20 07:34:09
387,1296304545417637888,footshakes,42,4,2020-08-20 04:34:22
388,1296296945020002304,chithis,829,140,2020-08-20 04:04:10
389,1296153479682101249,watchdogn,69,9,2020-08-19 18:34:05
390,1296115705096609796,memeably,279,41,2020-08-19 16:03:59
391,1296032712663470080,nativars,7,1,2020-08-19 10:34:12
392,1296032650524872704,oblongifolium,28,5,2020-08-19 10:33:57
393,1296032642744426496,lateriflorum,7,1,2020-08-19 10:33:55
394,1295896770736685056,foldering,33,4,2020-08-19 01:34:01
395,1295798693036199936,douchi,34,6,2020-08-18 19:04:17
396,1295798685071282176,dawadawa,14,2,2020-08-18 19:04:15
397,1295798669581705220,paoluda,8,2,2020-08-18 19:04:12
398,1295798655719440384,bangamary,11,3,2020-08-18 19:04:08
399,1295700457751547904,teleconvention,86,26,2020-08-18 12:33:56
400,1295662861428105216,gelefen,7,1,2020-08-18 10:04:33
401,1295662835943518208,profoundlyunhealthy,135,35,2020-08-18 10:04:26
402,1295662772584407040,nanomole,18,5,2020-08-18 10:04:11
403,1295617413183156225,quentchen,31,6,2020-08-18 07:03:57
404,1295496582373179392,isn’ts,281,60,2020-08-17 23:03:49
405,1295443734902059014,powerbombs,60,23,2020-08-17 19:33:49
406,1295421140438056969,churumuri,25,3,2020-08-17 18:04:02
407,1295421119395176448,chaatna,7,3,2020-08-17 18:03:57
408,1295330549259743232,oleandrin,16,4,2020-08-17 12:04:03
409,1295300418357133313,extubations,24,2,2020-08-17 10:04:19
410,1295058837012123656,twindemic,144,16,2020-08-16 18:04:22
411,1294930480228425728,handmadeness,50,9,2020-08-16 09:34:19
412,1294658646547337216,overhug,227,37,2020-08-15 15:34:09
413,1294417045203845121,quaranteammate,590,94,2020-08-14 23:34:07
414,1294379367091654657,amarogentin,5,0,2020-08-14 21:04:24
415,1294379359281782784,gentiopicroside,22,2,2020-08-14 21:04:22
416,1294311400609927168,gristlier,11,3,2020-08-14 16:34:19
417,1294311375091707906,drinkmaking,17,1,2020-08-14 16:34:13
418,1294303866230628353,tootiness,126,18,2020-08-14 16:04:23
419,1294281174567849986,ecoclimate,22,6,2020-08-14 14:34:13
420,1294220740972154888,narodets,10,7,2020-08-14 10:34:04
421,1294205761304825857,equiphile,17,2,2020-08-14 09:34:33
422,1294205679218176007,submesoscales,1,1,2020-08-14 09:34:13
423,1294205671064383488,submesoscale,5,2,2020-08-14 09:34:11
424,1294137724736139265,janbe,10,0,2020-08-14 05:04:12
425,1294016908606529537,ultraclimbers,58,8,2020-08-13 21:04:07
426,1293903617158766592,undertrodden,30,1,2020-08-13 13:33:56
427,1293903608438718466,congressive,23,0,2020-08-13 13:33:54
428,1293888536773615624,vulnus,16,1,2020-08-13 12:34:01
429,1293843287518990336,cavitations,15,3,2020-08-13 09:34:12
430,1293707383286517763,whorendous,1901,269,2020-08-13 00:34:10
431,1293616802199670792,taophora,8,1,2020-08-12 18:34:14
432,1293503605618737159,tolype,10,0,2020-08-12 11:04:26
433,1293488564844605440,sterilizable,24,5,2020-08-12 10:04:40
434,1293488530405183489,ghorbooni,9,2,2020-08-12 10:04:32
435,1293488522758938624,gamelas,10,0,2020-08-12 10:04:30
436,1293488503431540736,ghorboonat,9,2,2020-08-12 10:04:25
437,1293488476940374016,biothethical,18,10,2020-08-12 10:04:19
438,1293480876391780354,blackbirded,6,3,2020-08-12 09:34:07
439,1293428021366530049,steinstossen,19,5,2020-08-12 06:04:05
440,1293322385983250432,karaokegrams,53,8,2020-08-11 23:04:20
441,1293262011061743620,wankerish,290,67,2020-08-11 19:04:25
442,1293261977956028418,saxophonely,450,81,2020-08-11 19:04:17
443,1293239344577351680,guokui,14,1,2020-08-11 17:34:21
444,1293231841974136832,unforsakeable,29,7,2020-08-11 17:04:32
445,1293231833862344704,platzgeist,42,10,2020-08-11 17:04:30
446,1293231784583467008,askdfjdaskljf,4105,785,2020-08-11 17:04:19
447,1293216757281423361,tablilla,11,3,2020-08-11 16:04:36
448,1293216743096229896,diezmillo,7,1,2020-08-11 16:04:33
449,1293216735408132098,parilleros,22,4,2020-08-11 16:04:31
450,1293216727392804865,parrillero,73,25,2020-08-11 16:04:29
451,1293216713044103170,smeeze,59,7,2020-08-11 16:04:25
452,1293186458568679426,inflammasome,46,12,2020-08-11 14:04:12
453,1293118497107644416,trichaptum,4,2,2020-08-11 09:34:09
454,1292982638618255370,neurodivergence,406,94,2020-08-11 00:34:18
455,1292982614731751425,baattered,15,5,2020-08-11 00:34:12
456,1292756135154520065,megaconstellations,44,10,2020-08-10 09:34:15
457,1292756120176594944,megaconstellation,29,6,2020-08-10 09:34:11
458,1292756074139914241,unconstipate,169,29,2020-08-10 09:34:00
459,1292537218628755458,microhaulers,22,4,2020-08-09 19:04:21
460,1292144610354049026,flipdisc,16,4,2020-08-08 17:04:16
461,1292099323958824964,intrasquads,15,3,2020-08-08 14:04:19
462,1292031329354354688,basilosaurids,38,3,2020-08-08 09:34:08
463,1291752013601087488,transformationalist,26,5,2020-08-07 15:04:14
464,1291668998543880192,cosmicism,22,6,2020-08-07 09:34:21
465,1291578372062052354,dicsussing,724,89,2020-08-07 03:34:14
466,1291517940081266688,precoronavirus,1227,209,2020-08-06 23:34:06
467,1291419809373196290,caporalato,13,1,2020-08-06 17:04:10
468,1291397162132295681,brownfacing,30,1,2020-08-06 15:34:11
469,1291397141647196161,asymptomatics,93,13,2020-08-06 15:34:06
470,1291306597889773569,laboratorians,31,3,2020-08-06 09:34:18
471,1290989489905688576,hypercoagulable,30,9,2020-08-05 12:34:14
472,1290966858116603904,rematriated,30,7,2020-08-05 11:04:18
473,1290944220107354113,leapoard,70,10,2020-08-05 09:34:21
474,1290800779998171139,caniculares,8,0,2020-08-05 00:04:22
475,1290747909118533634,hypersurveilled,113,21,2020-08-04 20:34:17
476,1290649843199811584,immersivecelebration,36,5,2020-08-04 14:04:36
477,1290589598364708867,parrotings,17,2,2020-08-04 10:05:12
478,1290589493733601280,disemboweledhis,51,4,2020-08-04 10:04:47
479,1290589444182093824,rediclilius,14,2,2020-08-04 10:04:36
480,1290551625405399040,pandemicked,363,72,2020-08-04 07:34:19
481,1290317680558452736,schnitzeling,190,40,2020-08-03 16:04:42
482,1290317659909873664,amphibio,14,1,2020-08-03 16:04:37
483,1290227128093597696,noncoders,87,14,2020-08-03 10:04:53
484,1290076112320487426,overpracticing,45,7,2020-08-03 00:04:48
485,1289879789772234755,dozenfriends,49,9,2020-08-02 11:04:41
486,1289494688290963458,coronagrifting,217,49,2020-08-01 09:34:25
487,1289381544293888000,quarancrossword,164,26,2020-08-01 02:04:50
488,1289381515030339584,byportraying,21,1,2020-08-01 02:04:43
489,1289230498712100864,randonauting,49,9,2020-07-31 16:04:38
490,1289177662833872897,trickshots,52,7,2020-07-31 12:34:41
491,1289140040812113920,paleodiet,5,3,2020-07-31 10:05:11
492,1289139937967775745,outputon,9,4,2020-07-31 10:04:46
493,1289132385502732289,huasihuasicus,25,5,2020-07-31 09:34:46
494,1289132365223256064,archaeometrist,16,3,2020-07-31 09:34:41
495,1289019135867977729,spaaace,1017,199,2020-07-31 02:04:45
496,1288936006612406273,coronabeards,429,94,2020-07-30 20:34:25
497,1288905891971043336,attachers,20,3,2020-07-30 18:34:46
498,1288883197602824193,growmotion,11,4,2020-07-30 17:04:35
499,1288845495197147138,segrenomics,28,7,2020-07-30 14:34:46
500,1288830292359290881,ronded,12,1,2020-07-30 13:34:21
501,1288551029060100096,arriminati,3,2,2020-07-29 19:04:40
502,1288551021015379969,vruocculi,20,6,2020-07-29 19:04:38
503,1288415267048103936,caninervis,4,0,2020-07-29 10:05:11
504,1288415184139280384,nonstealing,30,4,2020-07-29 10:04:52
505,1288407670979006464,hitaan,4,0,2020-07-29 09:35:00
506,1288407537864314880,cyberrights,49,20,2020-07-29 09:34:29
507,1288218814799388674,randomonium,134,35,2020-07-28 21:04:34
508,1288045270505226240,peculiarization,34,11,2020-07-28 09:34:57
509,1288045250917945347,hypermagnetized,25,5,2020-07-28 09:34:53
510,1288045230327988226,wrinkledness,19,3,2020-07-28 09:34:48
511,1288045210375802882,biolocates,3,0,2020-07-28 09:34:43
512,1288045202108813312,rogarou,9,0,2020-07-28 09:34:41
513,1287867967149977600,orbitoclast,21,3,2020-07-27 21:50:25
514,1287686780901302275,bioink,92,9,2020-07-27 09:50:27
515,1287679191480250370,mooseway,45,13,2020-07-27 09:20:17
516,1287430179967639553,unversatile,35,12,2020-07-26 16:50:48
517,1287430157616197633,lynchmen,11,3,2020-07-26 16:50:43
518,1287045053823823875,saviorship,19,5,2020-07-25 15:20:27
519,1286992208315416577,nowcan,11,2,2020-07-25 11:50:28
520,1286992199599689731,sandsals,28,3,2020-07-25 11:50:26
521,1286811091306188800,batoned,93,21,2020-07-24 23:50:46
522,1286788393691680770,transdimensionally,82,21,2020-07-24 22:20:35
523,1286675191825862659,normalidad,260,78,2020-07-24 14:50:45
524,1286667640132575234,ventanal,24,4,2020-07-24 14:20:45
525,1286667631299264512,edificitos,72,19,2020-07-24 14:20:43
526,1286599764067397634,reprohibition,37,8,2020-07-24 09:51:02
527,1286373215724544003,cybervisits,49,16,2020-07-23 18:50:48
528,1286368287870377986,alvarelhão,18,4,2020-07-23 18:31:14
529,1286290069150720002,scrore,30,5,2020-07-23 13:20:25
530,1286282476961366028,unguilt,68,11,2020-07-23 12:50:15
531,1286199412038021120,disinfectable,61,9,2020-07-23 07:20:10
532,1286063614814715907,liberatchi,51,7,2020-07-22 22:20:34
533,1286063600164114435,pepsadeeny,13,1,2020-07-22 22:20:30
534,1286048484110602244,plasmablasts,40,7,2020-07-22 21:20:26
535,1286040983134666754,sideshadows,28,8,2020-07-22 20:50:38
536,1286040975517810688,reenchanted,37,5,2020-07-22 20:50:36
537,1285889905751724033,entomopathogenic,29,1,2020-07-22 10:50:18
538,1285656026323320834,blackpropriation,66,15,2020-07-21 19:20:57
539,1285603063915577344,percussicals,21,4,2020-07-21 15:50:30
540,1285512574877028352,improgressive,19,3,2020-07-21 09:50:56
541,1285512490407911424,catenaccios,26,9,2020-07-21 09:50:36
542,1285482212310355969,deurbanized,75,14,2020-07-21 07:50:17
543,1285248482299740160,pizookies,121,18,2020-07-20 16:21:31
544,1285142522319298560,planchador,28,8,2020-07-20 09:20:28
545,1285142514580828161,apeleador,11,3,2020-07-20 09:20:26
546,1285142506536132608,cortador,13,4,2020-07-20 09:20:25
547,1285142498629877760,rematador,27,7,2020-07-20 09:20:23
548,1284976456830005253,postify,36,11,2020-07-19 22:20:35
549,1284614046684188672,knoo,21,6,2020-07-18 22:20:30
550,1284614038882787333,baaaas,79,9,2020-07-18 22:20:28
551,1284221461448851456,arjamolho,17,3,2020-07-17 20:20:30
552,1284168674748792834,grinfomercial,77,16,2020-07-17 16:50:45
553,1284070453104070656,walktailed,11,2,2020-07-17 10:20:27
554,1284062980792094720,countertakes,31,7,2020-07-17 09:50:46
555,1284062933434142720,pawties,38,4,2020-07-17 09:50:34
556,1284062925817368577,posivibes,124,26,2020-07-17 09:50:32
557,1283859095875919883,supporterscontend,33,1,2020-07-16 20:20:36
558,1283768579310137344,steampunkish,156,29,2020-07-16 14:20:55
559,1283730821191475201,lifequake,93,29,2020-07-16 11:50:52
560,1283730812626665473,lifequakes,36,9,2020-07-16 11:50:50
561,1283700570172334081,deathfluencers,1075,286,2020-07-16 09:50:40
562,1283693035809837057,obschak,28,6,2020-07-16 09:20:44
563,1283525749723615233,dhulok,15,3,2020-07-15 22:16:00
564,1283525741687328768,ngabgay,25,3,2020-07-15 22:15:58
565,1283525713296011271,cringiest,378,86,2020-07-15 22:15:51
566,1283525573143388161,quoss,9,0,2020-07-15 22:15:18
567,1283525546253717504,doomscroll,798,226,2020-07-15 22:15:11
568,1283456328392945666,womanswear,38,6,2020-07-15 17:40:08
569,1283455987492544513,rifaximin,5,0,2020-07-15 17:38:47
570,1283455967351406592,aphants,11,2,2020-07-15 17:38:42
571,1283455809070956544,gynogenesis,13,1,2020-07-15 17:38:04
572,1283455801034715137,sturddlefish,19,4,2020-07-15 17:38:03
573,1283455774178541569,terribad,341,91,2020-07-15 17:37:56
574,1283455637519835137,hydroxyclq,91,19,2020-07-15 17:37:24
575,1283455629680672769,hydrocloq,30,9,2020-07-15 17:37:22
576,1283179655181279232,superkrewes,22,5,2020-07-14 23:20:44
577,1283157101322346503,spearos,12,2,2020-07-14 21:51:07
578,1283111730441334785,nonreigning,19,1,2020-07-14 18:50:50
579,1283058880767983617,antipopulism,94,17,2020-07-14 15:20:49
580,1283043730874945536,screenreaders,55,14,2020-07-14 14:20:37
581,1282975982257868802,asanoha,7,3,2020-07-14 09:51:25
582,1282975840926683138,vnoketkv,30,4,2020-07-14 09:50:51
583,1282975833032884224,eyasketv,12,1,2020-07-14 09:50:49
584,1282839980121956352,sprinkletown,277,44,2020-07-14 00:50:59
585,1282696599282388992,cyberverse,108,26,2020-07-13 15:21:15
586,1282613487148109825,livehouses,13,3,2020-07-13 09:50:59
587,1282613434601938944,minipigs,192,19,2020-07-13 09:50:47
588,1282258642927071232,thedollars,39,1,2020-07-12 10:20:58
589,1281745305134936064,suresies,153,23,2020-07-11 00:21:09
590,1281654641445318656,godmoms,53,8,2020-07-10 18:20:53
591,1281624446294515715,boschera,7,0,2020-07-10 16:20:54
592,1281586681943072777,quarenteam,306,43,2020-07-10 13:50:50
593,1281541417244987394,multibarrette,7,1,2020-07-10 10:50:58
594,1281541396512546817,pleochroic,7,0,2020-07-10 10:50:53
595,1281533946946301952,psychosedation,31,7,2020-07-10 10:21:17
596,1281533938218029056,scenius,11,2,2020-07-10 10:21:15
597,1281458348504883200,purrrrrrse,218,28,2020-07-10 05:20:53
598,1281413066413027328,resheathe,29,9,2020-07-10 02:20:57
599,1281292261913964544,mammillata,11,1,2020-07-09 18:20:55
600,1281254473868992512,gloopier,158,26,2020-07-09 15:50:45
601,1281171823707721728,vivahs,11,2,2020-07-09 10:22:20
602,1281171549324705793,facilitrees,16,2,2020-07-09 10:21:15
603,1281163888793452545,dogwhistling,97,13,2020-07-09 09:50:48
604,1280809179570147328,crookbackt,24,5,2020-07-08 10:21:19
605,1280809171668082688,brokenhanded,39,8,2020-07-08 10:21:17
606,1280809163430518784,brokenfooted,22,6,2020-07-08 10:21:15
607,1280801487002767363,freedges,13,4,2020-07-08 09:50:45
608,1280688311468728322,nonthemers,19,8,2020-07-08 02:21:02
609,1280446840836628480,co–homeroom,9,1,2020-07-07 10:21:31
610,1280446774897979393,aethestics,97,13,2020-07-07 10:21:15
611,1280446746565492736,desmadres,494,134,2020-07-07 10:21:08
612,1280446737048637442,despensas,14,2,2020-07-07 10:21:06
613,1280446706018955264,underremembered,75,17,2020-07-07 10:20:58
614,1280439177037991936,kintsukuroi,24,11,2020-07-07 09:51:03
615,1280401380222656512,decillion,18,2,2020-07-07 07:20:52
616,1280401350568837122,metaphyseal,17,1,2020-07-07 07:20:45
617,1280205059779899393,encephalomyocarditis,27,2,2020-07-06 18:20:45
618,1280205044164550657,embiggening,1167,198,2020-07-06 18:20:42
619,1280205034463137792,meltingggg,541,81,2020-07-06 18:20:39
620,1280046452530647041,difficultconversations,281,49,2020-07-06 07:50:31
621,1279661517315637248,caipiriña,292,52,2020-07-05 06:20:55
622,1279359490542927872,abayah,13,2,2020-07-04 10:20:46
623,1279170758309294081,curaderas,29,2,2020-07-03 21:50:49
624,1279095321319157761,skytyped,21,6,2020-07-03 16:51:03
625,1278959329308217347,vanlifer,23,3,2020-07-03 07:50:40
626,1278959319980138501,vanlifers,32,4,2020-07-03 07:50:38
627,1278763058308014080,duetable,27,1,2020-07-02 18:50:46
628,1278763037961400320,keleketla,19,2,2020-07-02 18:50:41
629,1278740506307170305,muchims,23,4,2020-07-02 17:21:09
630,1278740496777646090,gosoham,12,3,2020-07-02 17:21:06
631,1278740486832955394,mukeunji,11,5,2020-07-02 17:21:04
632,1278627146353840128,redeliberate,11,4,2020-07-02 09:50:42
633,1278604455815020545,megapriced,38,4,2020-07-02 08:20:32
634,1278476194921529344,tuitioning,26,4,2020-07-01 23:50:52
635,1278408303920517122,uranodionism,13,4,2020-07-01 19:21:05
636,1278408294617538563,dionings,8,1,2020-07-01 19:21:03
637,1278408285666893824,urinden,8,1,2020-07-01 19:21:01
638,1278408269153873920,homosexualität,1143,174,2020-07-01 19:20:57
639,1278363013897216001,underblur,15,5,2020-07-01 16:21:08
640,1278347884430229506,reticulospinal,11,1,2020-07-01 15:21:00
641,1278347851307851776,kurzabeit,344,66,2020-07-01 15:20:52
642,1278340352727027713,benchleyi,7,0,2020-07-01 14:51:05
643,1278340344585900034,lanternshark,47,13,2020-07-01 14:51:03
644,1278340329863774208,hosebeast,207,44,2020-07-01 14:50:59
645,1278273046042890241,underevaluated,15,3,2020-07-01 10:23:37
646,1278272786322997248,saldari,3,0,2020-07-01 10:22:36
647,1278272761668997120,incarceree,16,2,2020-07-01 10:22:30
648,1278272747743989760,angustipetala,24,4,2020-07-01 10:22:26
649,1278272421729112066,splitness,12,1,2020-07-01 10:21:09
650,1278272361897299970,snotnoses,63,11,2020-07-01 10:20:54
651,1278264763580133379,reintubate,63,22,2020-07-01 09:50:43
652,1277849521859559426,cyberfront,40,8,2020-06-30 06:20:41
653,1277713643711467527,dorsoventral,38,5,2020-06-29 21:20:46
654,1277540080878485504,picaresca,602,144,2020-06-29 09:51:05
655,1277540015531347968,vestimentum,14,1,2020-06-29 09:50:49
656,1277532455566802946,localeand,8,0,2020-06-29 09:20:47
657,1277358887285424128,loonytown,209,35,2020-06-28 21:51:05
658,1277170141223100417,billennial,141,13,2020-06-28 09:21:04
659,1276898368392962048,unfriendlier,90,13,2020-06-27 15:21:09
660,1276845429091717121,caipiriña,760,110,2020-06-27 11:50:47
661,1276671785732374529,quarancheaters,577,91,2020-06-27 00:20:47
662,1276566139452166144,saladcentric,298,29,2020-06-26 17:20:59
663,1276460463765757952,arancheezies,24,4,2020-06-26 10:21:04
664,1276460449723289600,minimoon,58,9,2020-06-26 10:21:01
665,1276460435005493249,badekin,10,2,2020-06-26 10:20:57
666,1275864038849810433,anthropotechnics,42,1,2020-06-24 18:51:05
667,1275833768687874054,boompilling,69,12,2020-06-24 16:50:48
668,1275728060030095361,paaaaaleaseee,404,68,2020-06-24 09:50:46
669,1275720687618076675,trypophobic,71,7,2020-06-24 09:21:28
670,1275720673172881409,silverskins,14,1,2020-06-24 09:21:24
671,1275720496831778817,enrosadira,23,4,2020-06-24 09:20:42
672,1275577141216841728,wokism,212,34,2020-06-23 23:51:04
673,1275554562968035334,designef,117,8,2020-06-23 22:21:21
674,1275486475891720194,gamblesphere,60,11,2020-06-23 17:50:47
675,1275403419315027968,gobshite,9489,1406,2020-06-23 12:20:45
676,1275365741714423808,aishiau,22,3,2020-06-23 09:51:02
677,1275365733246152705,kataomoi,26,11,2020-06-23 09:51:00
678,1275365639759298561,randomizations,42,7,2020-06-23 09:50:38
679,1275365630959595524,novicedom,27,4,2020-06-23 09:50:36
680,1275358268244795393,paramilitarized,39,7,2020-06-23 09:21:20
681,1275358210216599552,wrongthinkers,96,24,2020-06-23 09:21:06
682,1275335445099020288,rampgate,74,6,2020-06-23 07:50:39
683,1275229752106811392,cheongjang,13,2,2020-06-23 00:50:40
684,1275108960354414593,maaqouda,10,2,2020-06-22 16:50:41
685,1275086334999375874,pandemically,682,101,2020-06-22 15:20:46
686,1275078803270758400,ssshowbizzz,242,45,2020-06-22 14:50:51
687,1274708865939116033,concentrationary,34,6,2020-06-21 14:20:51
688,1274557858017939458,fancam,1442,280,2020-06-21 04:20:48
689,1274316255495950342,refortifies,15,2,2020-06-20 12:20:45
690,1274293603481931778,primarybut,30,4,2020-06-20 10:50:44
691,1273908665272197120,ludonarrative,504,136,2020-06-19 09:21:08
692,1273765109656104968,contagiados,70,20,2020-06-18 23:50:42
693,1273674571523162114,willtheygetawaywithit,336,55,2020-06-18 17:50:56
694,1273666998497656832,dadliness,335,48,2020-06-18 17:20:50
695,1273636767380525058,harumphers,74,9,2020-06-18 15:20:43
696,1273561244457459717,handaufzug,47,4,2020-06-18 10:20:36
697,1273516029281480710,xenopescophobia,71,12,2020-06-18 07:20:56
698,1273500891438616576,innervates,25,3,2020-06-18 06:20:47
699,1273357531516198912,superbubbles,86,11,2020-06-17 20:51:08
700,1273357517222031361,lauramidopropyl,8,0,2020-06-17 20:51:04
701,1273357476549857281,destarch,19,2,2020-06-17 20:50:54
702,1273334874208899072,glycerites,5,0,2020-06-17 19:21:06
703,1273334827459260418,crocodylomorph,73,19,2020-06-17 19:20:54
704,1272927485110505473,pcale,25,3,2020-06-16 16:22:16
705,1272927477724254208,rghit,54,7,2020-06-16 16:22:15
706,1272927470480699398,ltteer,25,3,2020-06-16 16:22:13
707,1272927226443386880,iprmoatnt,128,21,2020-06-16 16:21:15
708,1272927212250038274,tennish,44,7,2020-06-16 16:21:11
709,1272927185041571840,flarfy,120,19,2020-06-16 16:21:05
710,1272927138165985281,babtou,252,60,2020-06-16 16:20:54
711,1272881795365777411,streateries,50,3,2020-06-16 13:20:43
712,1272822151763111938,sporangial,12,3,2020-06-16 09:23:43
713,1272821876302196737,eyeswater,23,3,2020-06-16 09:22:37
714,1272821868538531840,freakshows,26,4,2020-06-16 09:22:36
715,1272821854332428289,badwomen,37,10,2020-06-16 09:22:32
716,1272821439150817280,transmisogyny,521,81,2020-06-16 09:20:53
717,1272617601252954113,prosetin,13,0,2020-06-15 19:50:54
718,1272466629058854913,flashbomb,25,5,2020-06-15 09:51:00
719,1272466619617460224,nonquarantine,66,16,2020-06-15 09:50:58
720,1272466579867959298,prebirths,13,2,2020-06-15 09:50:48
721,1272466565439635457,prestellar,16,5,2020-06-15 09:50:45
722,1272353367629668355,multiquarter,14,1,2020-06-15 02:20:56
723,1272330700398755840,slackmoji,238,20,2020-06-15 00:50:52
724,1272247732623867905,confederatized,43,10,2020-06-14 19:21:11
725,1271930599188594702,riddly,29,4,2020-06-13 22:21:00
726,1271688932456087553,geisterspiel,434,78,2020-06-13 06:20:42
727,1271628586013937667,honeyworts,25,5,2020-06-13 02:20:55
728,1271500189182951424,lacrimating,32,4,2020-06-12 17:50:43
729,1271266212652204032,groupchat,453,36,2020-06-12 02:20:58
730,1271032140050948102,phoneticizing,30,8,2020-06-11 10:50:51
731,1271017124186796032,playtesting,43,10,2020-06-11 09:51:11
732,1270896307608211458,gatcha,71,22,2020-06-11 01:51:06
733,1270888774227157001,teargaslight,1113,222,2020-06-11 01:21:10
734,1270790563160350720,raisonnés,17,1,2020-06-10 18:50:55
735,1270775506527571971,copaganda,2972,546,2020-06-10 17:51:05
736,1270730172627550210,tsimentokonia,22,6,2020-06-10 14:50:56
737,1270654724166074371,lipidomics,11,0,2020-06-10 09:51:08
738,1270435762178310145,lincreasingly,32,3,2020-06-09 19:21:03
739,1270413082049884161,fantasmatic,29,9,2020-06-09 17:50:56
740,1270413072700710913,tearjerky,84,9,2020-06-09 17:50:54
741,1270390464433328128,cauliflorini,74,3,2020-06-09 16:21:04
742,1270307388491476994,dramaturged,56,10,2020-06-09 10:50:57
743,1270292394949447681,proliferousness,42,6,2020-06-09 09:51:22
744,1270292367992655880,priapisms,47,8,2020-06-09 09:51:16
745,1270080898248081413,sevadars,12,2,2020-06-08 19:50:57
746,1269929953526775815,phuchka,55,7,2020-06-08 09:51:09
747,1269816706551238656,fugazis,333,56,2020-06-08 02:21:09
748,1269794052419063811,aclassified,19,3,2020-06-08 00:51:08
749,1269356144553873414,narrativized,90,13,2020-06-06 19:51:03
750,1269273075272626176,mucoepidermoid,19,2,2020-06-06 14:20:57
751,1269091926625660929,goldspun,30,6,2020-06-06 02:21:08
752,1269001288815173634,fancams,665,171,2020-06-05 20:20:58
753,1268986229833555969,gloopiest,113,20,2020-06-05 19:21:08
754,1268933368051351552,feminoidal,50,12,2020-06-05 15:51:05
755,1268850750156877824,tamoya,5,1,2020-06-05 10:22:47
756,1268850508694986752,jetsonorama,10,4,2020-06-05 10:21:50
757,1268729551225589761,bemusers,19,3,2020-06-05 02:21:11
758,1268691851692904450,multigeographic,29,6,2020-06-04 23:51:23
759,1268608719887228929,defuzing,18,4,2020-06-04 18:21:03
760,1268586032674541568,plousard,9,1,2020-06-04 16:50:54
761,1268480393185038337,unrebuted,7,0,2020-06-04 09:51:07
762,1268480365540376581,kihana,3,1,2020-06-04 09:51:01
763,1268480351183286274,slaveness,29,6,2020-06-04 09:50:57
764,1268420013888864258,humuhumunukunukuāpuaʻa,805,78,2020-06-04 05:51:12
765,1268397361828630528,videochatted,106,12,2020-06-04 04:21:11
766,1268344501120184320,superthreatening,113,17,2020-06-04 00:51:08
767,1268268995351846915,megacolumn,22,1,2020-06-03 19:51:06
768,1268268973101113344,downranks,9,1,2020-06-03 19:51:01
769,1268246354800840704,inessentially,54,7,2020-06-03 18:21:08
770,1268118070142304256,manyblack,16,0,2020-06-03 09:51:23
771,1268117997463506944,decrowding,36,8,2020-06-03 09:51:05
772,1267906615145005058,proetry,194,21,2020-06-02 19:51:08
773,1267883967522496518,quarantineers,179,24,2020-06-02 18:21:08
776,1267861288761405440,scarpinocc,8,1,2020-06-02 16:51:01
777,1267800866872066048,boutiquesand,13,0,2020-06-02 12:50:55
778,1267763172079030272,muricata,10,1,2020-06-02 10:21:08
779,1267763151094898688,plantagos,5,0,2020-06-02 10:21:03
780,1267755694226276354,migratio,13,1,2020-06-02 09:51:25
781,1267755616367493120,nanobiology,13,3,2020-06-02 09:51:07
782,1267748054419070976,whitearmor,46,7,2020-06-02 09:21:04
783,1267748039697076224,telemaintenance,15,4,2020-06-02 09:21:00
784,1267710246711185408,coronavirologists,148,19,2020-06-02 06:50:50
785,1267574484220940290,whinnyings,29,2,2020-06-01 21:51:22
786,1267559293953417216,overseasthey,33,0,2020-06-01 20:51:00
787,1267551750359261185,nonspreaders,65,4,2020-06-01 20:21:01
788,1267466507300241408,acab,44982,6479,2020-06-01 14:42:18
789,1267461094609686530,reholsters,22,0,2020-06-01 14:20:47
790,1267415820092813313,xanthium,24,2,2020-06-01 11:20:53
791,1267415805706342407,stairwaylike,42,2,2020-06-01 11:20:50
792,1267181860884537346,livestreamings,78,13,2020-05-31 19:51:13
793,1266857169946906624,medecints,16,1,2020-05-30 22:21:01
794,1266857149008941056,mobraries,19,5,2020-05-30 22:20:56
795,1266819420388823040,cyberorganism,132,24,2020-05-30 19:51:00
796,1266819412453179392,melllllllting,391,55,2020-05-30 19:50:58
797,1266759052887035905,cyberbabysitting,200,40,2020-05-30 15:51:08
798,1266759033010208768,superspread,22,3,2020-05-30 15:51:03
799,1266532561355972609,hypercataloged,22,8,2020-05-30 00:51:08
800,1266494846040186881,glamster,64,5,2020-05-29 22:21:16
801,1266381576604127234,biocars,25,6,2020-05-29 14:51:10
802,1266328679266820096,movidas,3768,1289,2020-05-29 11:20:59
803,1266306252088451072,obscurius,11,3,2020-05-29 09:51:51
804,1266306212049477634,octanal,10,3,2020-05-29 09:51:42
805,1266306203254218753,pentanal,10,2,2020-05-29 09:51:40
806,1266306195200991233,ultrapurified,17,3,2020-05-29 09:51:38
807,1266306095167012864,microhues,14,2,2020-05-29 09:51:14
808,1266306087248068608,nonpandemic,66,16,2020-05-29 09:51:12
809,1266298490725924865,koels,3,0,2020-05-29 09:21:01
810,1266275833083072513,robotaxi,44,8,2020-05-29 07:50:59
811,1266192780637941761,cluability,15,2,2020-05-29 02:20:58
812,1266102190420213761,dosifier,7,0,2020-05-28 20:20:59
813,1266079629581979649,liubai,6,1,2020-05-28 18:51:20
814,1266072029163372544,gewoon,491,99,2020-05-28 18:21:08
815,1266056921905278976,apérue,23,11,2020-05-28 17:21:07
816,1266026751693594624,decommodifying,46,8,2020-05-28 15:21:13
817,1266026720672583680,suckage,349,77,2020-05-28 15:21:06
818,1266004038312775687,dystopically,185,43,2020-05-28 13:50:58
819,1265951184407363587,takemeasures,5,1,2020-05-28 10:20:57
820,1265943837547073536,ziibaaska’iganan,20,1,2020-05-28 09:51:45
821,1265943771059032064,woodspeople,30,5,2020-05-28 09:51:29
822,1265943698547912704,graffiti’ed,15,1,2020-05-28 09:51:12
823,1265936136419016704,virusphere,34,8,2020-05-28 09:21:09
824,1265936097009336320,causticness,11,2,2020-05-28 09:21:00
825,1265890786488528899,overmoderate,82,12,2020-05-28 06:20:57
826,1265619028162293761,chaaru,10,1,2020-05-27 12:21:05
827,1265588955325571077,toygers,11,3,2020-05-27 10:21:35
828,1265588926934405120,benzonatate,11,2,2020-05-27 10:21:28
829,1265588852007280640,savannization,9,1,2020-05-27 10:21:10
830,1265588843471933440,bioeconomies,26,2,2020-05-27 10:21:08
831,1265581388352434176,mycofabrication,8,2,2020-05-27 09:51:31
832,1265581380282527744,lichenizing,29,5,2020-05-27 09:51:29
833,1265354889049276423,dubcon,58,34,2020-05-26 18:51:29
834,1265339790611931152,fascoid,18,5,2020-05-26 17:51:29
835,1265226893823000577,hypermelodicism,21,5,2020-05-26 10:22:52
836,1265226880577425408,crysknifes,26,7,2020-05-26 10:22:49
837,1265226599441600514,counterinterests,12,1,2020-05-26 10:21:42
838,1265226574162472966,complimentor,9,1,2020-05-26 10:21:36
839,1265226565404823557,complementers,10,1,2020-05-26 10:21:34
840,1265226557406183424,complementer,5,1,2020-05-26 10:21:32
841,1265226537550458885,cybersword,87,36,2020-05-26 10:21:27
842,1265226490142167040,dilgai,3,0,2020-05-26 10:21:16
843,1265188715573452801,ervaringsdeskundige,353,57,2020-05-26 07:51:10
844,1264984818087088129,seasonalities,36,6,2020-05-25 18:20:57
845,1264856501648330752,freeballing,408,69,2020-05-25 09:51:04
846,1264214858913980420,homeful,49,8,2020-05-23 15:21:24
847,1264131813016064001,omegaverse,1236,780,2020-05-23 09:51:25
848,1263890202940112896,glitch]lo[glitch,139,29,2020-05-22 17:51:20
849,1263890193817501701,c[glitch,35,7,2020-05-22 17:51:18
850,1263890185072361474,ev[glitch]body,47,14,2020-05-22 17:51:16
851,1263890175324815369,overtouching,68,16,2020-05-22 17:51:14
852,1263867664218443776,coachedfor,10,2,2020-05-22 16:21:47
853,1263867650033278977,micromorts,21,5,2020-05-22 16:21:43
854,1263867641397235714,micromort,22,10,2020-05-22 16:21:41
855,1263807197600940033,postcabinet,15,1,2020-05-22 12:21:30
856,1263784929986568193,tembiapo,5,0,2020-05-22 10:53:01
857,1263784908595568650,planception,22,4,2020-05-22 10:52:56
858,1263769399158243328,rosicles,6,0,2020-05-22 09:51:19
859,1263739112462462977,unnegative,91,21,2020-05-22 07:50:58
860,1263724049353539584,hypokrits,33,3,2020-05-22 06:51:06
861,1263724035000729602,coroanvirus,839,83,2020-05-22 06:51:03
862,1263716453360025601,nipplefruit,363,71,2020-05-22 06:20:55
863,1263656309167140865,maskne,55,9,2020-05-22 02:21:56
864,1263588188271939585,forcefields,49,10,2020-05-21 21:51:15
865,1263558063824539649,overbrew,24,2,2020-05-21 19:51:32
866,1263475204153622531,counterpaths,16,2,2020-05-21 14:22:17
867,1263475184016805899,hanyeos,3,0,2020-05-21 14:22:12
868,1263467340752130049,virucide,37,6,2020-05-21 13:51:02
869,1263406976928755714,lastto,5,0,2020-05-21 09:51:10
871,1263256009264508928,doomscrolling,2261,568,2020-05-20 23:51:17
872,1263248683094728709,seksbuddy,312,57,2020-05-20 23:22:10
873,1263203167401119744,sneezeguards,97,17,2020-05-20 20:21:18
874,1263158014552551424,walktailer,13,4,2020-05-20 17:21:53
875,1263158006075842560,walktail,17,4,2020-05-20 17:21:51
876,1263157997766926339,nonemergent,12,4,2020-05-20 17:21:49
877,1263157990007410689,walktailing,12,2,2020-05-20 17:21:47
878,1263142886524272640,wonderphrase,28,10,2020-05-20 16:21:46
879,1263006863328784389,hydroxymoron,3196,573,2020-05-20 07:21:16
880,1262976688876593152,redways,7,1,2020-05-20 05:21:22
881,1262863578962550785,suitman,187,31,2020-05-19 21:51:54
882,1262810560695021569,regroupedafter,10,0,2020-05-19 18:21:14
883,1262795669464588288,skinesphere,20,3,2020-05-19 17:22:03
884,1262689790845124608,désoeuvrement,17,4,2020-05-19 10:21:20
885,1262682274224537601,burpies,85,12,2020-05-19 09:51:28
886,1262501017503125512,propmaker,14,2,2020-05-18 21:51:13
887,1262244403143479296,awangement,217,27,2020-05-18 04:51:31
888,1262244395031691264,bwessed,441,94,2020-05-18 04:51:29
889,1262244387381219328,togever,120,19,2020-05-18 04:51:27
890,1262244379173031941,bwings,89,15,2020-05-18 04:51:26
891,1262214183824867329,petrobarons,42,12,2020-05-18 02:51:26
892,1262214168796696581,dudebro,1063,196,2020-05-18 02:51:23
893,1262161352367407104,segmenter,17,2,2020-05-17 23:21:30
894,1261881978229571584,gatham,26,1,2020-05-17 04:51:22
895,1261715840203972609,almajirai,3,0,2020-05-16 17:51:12
896,1261678131225800704,pissiness,241,50,2020-05-16 15:21:21
897,1261678123550232576,unweaponized,16,5,2020-05-16 15:21:20
898,1261587543360929794,coronadivorce,965,160,2020-05-16 09:21:24
899,1261444137485602817,cyberexecutive,125,30,2020-05-15 23:51:33
900,1261308218569109504,vecinas,69,23,2020-05-15 14:51:27
901,1261308180279287819,choicefully,51,13,2020-05-15 14:51:18
902,1261225226920243200,videobook,17,5,2020-05-15 09:21:41
903,1261194897136193536,upcombed,20,3,2020-05-15 07:21:10
904,1261119455532396551,nonconstructors,38,6,2020-05-15 02:21:23
905,1261081667873185792,officialsalso,28,5,2020-05-14 23:51:14
906,1261051468485988352,airportgoers,64,7,2020-05-14 21:51:13
907,1261029346350940170,hypified,48,12,2020-05-14 20:23:19
908,1260975976349085697,slowwwwly,303,58,2020-05-14 16:51:15
909,1260862831911735298,grandiosed,23,4,2020-05-14 09:21:39
910,1260651495168475136,supinating,8,0,2020-05-13 19:21:52
911,1260576301238411273,chilamate,5,1,2020-05-13 14:23:05
912,1260576279914598400,parteaguas,11,2,2020-05-13 14:23:00
913,1260561054398119936,beforetimes,959,269,2020-05-13 13:22:30
914,1260515776093659139,apilimod,2,1,2020-05-13 10:22:34
915,1260515768195780609,cytopathic,6,2,2020-05-13 10:22:33
916,1260508187628843009,undeservingness,17,5,2020-05-13 09:52:25
917,1260470203726651396,saladgate,127,17,2020-05-13 07:21:29
918,1260251322097565696,chaaaanged,125,15,2020-05-12 16:51:44
919,1260243831045402625,telehelp,45,8,2020-05-12 16:21:58
920,1260236283072385026,idreh,5,0,2020-05-12 15:51:58
921,1260236249824219137,masklessness,334,79,2020-05-12 15:51:50
922,1260175778446290945,hyperinflammatory,47,11,2020-05-12 11:51:33
923,1260145722000891904,parachuteless,66,19,2020-05-12 09:52:07
924,1260145707157200896,thermocycling,14,2,2020-05-12 09:52:03
925,1259873863690846215,tociluzimab,24,0,2020-05-11 15:51:51
926,1259843608787800065,qurut,4,2,2020-05-11 13:51:37
927,1259836621110812677,gaitou,12,8,2020-05-11 13:23:51
928,1259836611812044802,tusheng,7,0,2020-05-11 13:23:49
929,1259836380471070720,asoar,2,1,2020-05-11 13:22:54
930,1259836346128097282,yakshinis,4,0,2020-05-11 13:22:46
931,1259836337764683778,amalaka,1,0,2020-05-11 13:22:44
932,1259836092775313411,aniconically,8,1,2020-05-11 13:21:45
933,1259836064874799105,azytqa,10,2,2020-05-11 13:21:39
934,1259669983895990273,psychoceuticals,74,5,2020-05-11 02:21:42
935,1259609585809338368,buttockery,329,58,2020-05-10 22:21:42
936,1259579395515265026,virusremained,24,1,2020-05-10 20:21:44
937,1259473698442153986,messhugah,106,18,2020-05-10 13:21:44
938,1259473690418348032,crappis,14,7,2020-05-10 13:21:42
939,1259473682499600419,doorhinge,20,6,2020-05-10 13:21:40
940,1259216917996470273,spokesbaby,1154,163,2020-05-09 20:21:23
941,1259194276434640897,shecession,94,24,2020-05-09 18:51:24
942,1259179156367126529,pademic,357,33,2020-05-09 17:51:19
943,1259143220195360768,quitarme,32,3,2020-05-09 15:28:32
944,1259143199609716737,estube,14,3,2020-05-09 15:28:27
945,1259142346303733766,viniste,15,3,2020-05-09 15:25:03
946,1259141726914187264,arrepentida,33,14,2020-05-09 15:22:36
947,1259141711554580481,piangueras,5,0,2020-05-09 15:22:32
948,1259141404930031616,megadreams,83,22,2020-05-09 15:21:19
949,1259126332107173889,coroñatas,124,35,2020-05-09 14:21:25
950,1258899861014970369,phosphotungstic,13,4,2020-05-08 23:21:30
951,1258877351783473153,goatkeeper,148,32,2020-05-08 21:52:04
952,1258816996566872064,alghorza,4,1,2020-05-08 17:52:14
953,1258816955282345984,handiras,4,0,2020-05-08 17:52:04
954,1258771628508545025,bestfriendhood,138,24,2020-05-08 14:51:57
955,1258764018333990912,inflorescent,10,4,2020-05-08 14:21:43
956,1258711168631390208,sepium,6,0,2020-05-08 10:51:42
957,1258688726806528006,noocho,9,1,2020-05-08 09:22:32
958,1258688565288087552,quarancut,50,9,2020-05-08 09:21:53
959,1258688544165552128,tricoteuse,8,2,2020-05-08 09:21:48
960,1258582784337219586,keelboaters,7,0,2020-05-08 02:21:33
961,1258432197222191104,zoombinos,106,17,2020-05-07 16:23:11
962,1258432188774789120,zumigos,36,9,2020-05-07 16:23:09
963,1258424284902567936,chkhaveri,6,0,2020-05-07 15:51:44
964,1258416799391068161,cerivisiae,6,1,2020-05-07 15:21:59
965,1258326185588789249,quizdaddyscloset,81,9,2020-05-07 09:21:55
966,1258167541345726465,prequarantine,344,66,2020-05-06 22:51:32
967,1258107442581377024,nonoffensively,49,8,2020-05-06 18:52:43
968,1258077235266965505,netfilm,26,5,2020-05-06 16:52:41
969,1258047028388671488,nutpickers,72,22,2020-05-06 14:52:39
970,1258039284088569857,kadavergehorsam,18,9,2020-05-06 14:21:53
971,1258024665219555328,declassicizes,19,2,2020-05-06 13:23:47
972,1258001468696772608,directedbybryian,10,3,2020-05-06 11:51:37
973,1257963965684101121,microscene,23,2,2020-05-06 09:22:35
974,1257963957199003648,superhunky,90,11,2020-05-06 09:22:33
975,1257805393927049225,mjelse,17,0,2020-05-05 22:52:29
976,1257790084444758022,glauchen,15,0,2020-05-05 21:51:39
977,1257790076320272385,gleiben,17,0,2020-05-05 21:51:37
978,1257744776386031616,spellbindable,47,11,2020-05-05 18:51:37
979,1257737281869357058,antipestilential,20,7,2020-05-05 18:21:50
980,1257722211777069056,cutelèta,9,2,2020-05-05 17:21:57
981,1257609389973868550,vacuolated,6,0,2020-05-05 09:53:38
982,1257609382076076033,hornfels,8,0,2020-05-05 09:53:36
983,1257609363189104641,unsexily,197,43,2020-05-05 09:53:32
984,1257609333401169920,numerarchy,14,2,2020-05-05 09:53:24
985,1257609057306902529,unflippable,25,4,2020-05-05 09:52:19
986,1257609034284367872,sixty‑four‑seat,3,0,2020-05-05 09:52:13
987,1257601362264829952,slangified,29,6,2020-05-05 09:21:44
988,1257571121337155584,tengujo,12,0,2020-05-05 07:21:34
989,1257352304111517697,vitaparcours,14,2,2020-05-04 16:52:04
990,1257337094575456263,wackadoodlies,110,22,2020-05-04 15:51:38
991,1257261554401251328,epidodes,62,6,2020-05-04 10:51:28
992,1257087980277243906,debtphobia,123,27,2020-05-03 23:21:44
993,1256876605747728384,boojihadeen,46,6,2020-05-03 09:21:49
994,1256710447778103297,phthongs,53,6,2020-05-02 22:21:33
995,1256634963702800384,cistanthe,10,0,2020-05-02 17:21:37
996,1256514175356022784,whoseactors,4,0,2020-05-02 09:21:38
997,1256348188413440002,gameifies,34,1,2020-05-01 22:22:04
998,1256317837519577090,herbsmith,35,3,2020-05-01 20:21:28
999,1256310329295933445,demonette,89,21,2020-05-01 19:51:38
1000,1256295196943421442,centrão,1882,462,2020-05-01 18:51:30
1001,1256272581105201153,unexoticized,61,8,2020-05-01 17:21:38
1002,1256242451662221312,fishtancing,215,50,2020-05-01 15:21:54
1003,1256219909291376640,boondocked,20,2,2020-05-01 13:52:20
1004,1255903143008907266,postcataclysm,80,22,2020-04-30 16:53:37
1005,1255849987977760773,tocotrienols,8,0,2020-04-30 13:22:24
1006,1255849934487793665,cloperastine,10,0,2020-04-30 13:22:11
1007,1255812051479474177,impeache,38,7,2020-04-30 10:51:39
1008,1255796982389657601,bestied,9,1,2020-04-30 09:51:46
1009,1255790177169092609,apatites,9,0,2020-04-30 09:24:44
1010,1255789830316974080,complicastions,10,0,2020-04-30 09:23:21
1011,1255789493346603008,findfood,11,2,2020-04-30 09:22:01
1012,1255789406662909952,hyperpresidential,55,7,2020-04-30 09:21:40
1013,1255759213118271490,gravititis,23,0,2020-04-30 07:21:41
1014,1255532814533091328,sabayons,10,0,2020-04-29 16:22:04
1015,1255517694146809858,lasagana,896,171,2020-04-29 15:21:59
1016,1255510117254148107,crooningly,20,6,2020-04-29 14:51:52
1017,1255502616156688384,scactiattias,4,0,2020-04-29 14:22:04
1018,1255502607709360128,scactiattia,4,0,2020-04-29 14:22:02
1019,1255434677994819584,goldcrests,7,0,2020-04-29 09:52:06
1020,1255434670096945153,unguligrades,7,4,2020-04-29 09:52:04
1021,1255434662132006915,digitigrades,3,0,2020-04-29 09:52:02
1022,1255434654443810818,plantigrades,7,2,2020-04-29 09:52:01
1023,1255245831986393088,postpandemic,941,237,2020-04-28 21:21:42
1024,1255238290007101442,ballastexistenz,44,9,2020-04-28 20:51:44
1025,1255178008429813761,gossamery,11,4,2020-04-28 16:52:11
1026,1255178000586485760,paganesque,31,9,2020-04-28 16:52:10
1027,1255147697402556418,swabable,24,5,2020-04-28 14:51:45
1028,1255125091391848449,sengu,4,0,2020-04-28 13:21:55
1029,1255125083758170113,shikinen,6,0,2020-04-28 13:21:53
1030,1255094875118284801,overgrowns,4,0,2020-04-28 11:21:51
1031,1255072294373855233,crouch‑walked,11,2,2020-04-28 09:52:07
1032,1255064833080385536,guardai,2,2,2020-04-28 09:22:28
1033,1255064708207566848,konbanwa,45,18,2020-04-28 09:21:59
1034,1255064693640769536,divano,7,2,2020-04-28 09:21:55
1035,1255034443342974976,teleconsultations,17,2,2020-04-28 07:21:43
1036,1255034435461931008,telabortions,60,10,2020-04-28 07:21:41
1037,1255034396291272704,musquyta,5,0,2020-04-28 07:21:32
1038,1254989235150557184,zombieverses,79,18,2020-04-28 04:22:04
1039,1254891087174553607,brodos,10,0,2020-04-27 21:52:04
1040,1254860741795917827,noodleless,245,48,2020-04-27 19:51:29
1041,1254823248002514945,pemulung,13,3,2020-04-27 17:22:30
1042,1254702269028806656,kikikikikikiki,399,71,2020-04-27 09:21:46
1043,1254596618348830726,glitchiest,94,9,2020-04-27 02:21:57
1044,1254558869549920258,harshers,17,3,2020-04-26 23:51:57
1045,1254415413229780992,schnauzbart,65,15,2020-04-26 14:21:55
1046,1254415398436552704,bernadoodle,71,13,2020-04-26 14:21:51
1047,1254339954861322240,mulchier,27,4,2020-04-26 09:22:04
1048,1254052942325350401,weekprovided,12,0,2020-04-25 14:21:35
1049,1253977487379496960,izolyashki,10,1,2020-04-25 09:21:45
1050,1253743462723268609,coronahawk,97,22,2020-04-24 17:51:49
1051,1253735893564866560,unbesotted,25,4,2020-04-24 17:21:44
1052,1253675528978157575,biointensive,8,3,2020-04-24 13:21:52
1053,1253622778663784449,quaranqueening,520,122,2020-04-24 09:52:16
1054,1253622682807144448,siderism,3,0,2020-04-24 09:51:53
1055,1253622675072782338,helophyte,3,0,2020-04-24 09:51:51
1056,1253456801074491393,polylinguist,60,10,2020-04-23 22:52:44
1057,1253328214245568519,extubating,35,4,2020-04-23 14:21:46
1058,1253267993024434177,haikuist,56,16,2020-04-23 10:22:28
1059,1253267946656477184,botimal,3,0,2020-04-23 10:22:17
1060,1253267921427718145,kentukis,8,1,2020-04-23 10:22:11
1061,1253003702274850816,whereismystimulus,420,93,2020-04-22 16:52:16
1062,1252988505497784320,paleoarchaeologist,16,2,2020-04-22 15:51:53
1063,1252958385693130752,socalcos,5,0,2020-04-22 13:52:12
1064,1252897990542491649,quarantinee,94,18,2020-04-22 09:52:13
1065,1252890352601743364,dancefake,27,7,2020-04-22 09:21:52
1066,1252739361436770310,umute,50,6,2020-04-21 23:21:53
1067,1252694118150680585,boytoys,356,72,2020-04-21 20:22:06
1068,1252678937521643522,oribatida,6,2,2020-04-21 19:21:47
1069,1252633613641961474,allowrd,42,3,2020-04-21 16:21:40
1070,1252543007519358976,alphaviruses,26,8,2020-04-21 10:21:38
1071,1252542998354657280,panviral,18,8,2020-04-21 10:21:36
1072,1252535582049423362,keyow,3,0,2020-04-21 09:52:08
1073,1252535478567481345,downselected,4,0,2020-04-21 09:51:43
1074,1252535470845833216,despike,7,2,2020-04-21 09:51:41
1075,1252527981626626048,statuarietto,3,1,2020-04-21 09:21:56
1076,1252505253053939713,ecoacoustician,22,6,2020-04-21 07:51:37
1077,1252346774464786434,almaciga,8,3,2020-04-20 21:21:53
1078,1252316695378747393,thalattosuchian,16,1,2020-04-20 19:22:21
1079,1252316680602214401,thalattosuchians,8,0,2020-04-20 19:22:18
1080,1252256148771811328,deerfrance,18,3,2020-04-20 15:21:46
1081,1252165544872161282,breadroot,10,2,2020-04-20 09:21:44
1082,1252165531102253058,tickweed,5,2,2020-04-20 09:21:41
1083,1252165510692777984,mauretanicus,4,0,2020-04-20 09:21:36
1084,1251984443541258240,juheard,80,14,2020-04-19 21:22:06
1085,1251886297024774148,lactobaccili,27,11,2020-04-19 14:52:06
1086,1251637128464916484,everyweir,31,6,2020-04-18 22:22:00
1087,1251599444799340544,carbonitite,9,3,2020-04-18 19:52:15
1088,1251599402873040896,oprjan,4,0,2020-04-18 19:52:05
1089,1251335088220131328,guntops,9,0,2020-04-18 02:21:48
1090,1251274877887225857,platnicki,6,0,2020-04-17 22:22:33
1091,1251259816103813120,fetcheth,64,15,2020-04-17 21:22:42
1092,1251259808470183937,dreameth,44,11,2020-04-17 21:22:40
1093,1251259787662299136,apprehendeth,34,5,2020-04-17 21:22:35
1094,1251259771979796487,āftābeh,14,6,2020-04-17 21:22:31
1095,1251169106763661312,smocky,29,5,2020-04-17 15:22:15
1096,1251161601358483463,jetsonmade,37,6,2020-04-17 14:52:25
1097,1251161591967432704,sociophobe,43,6,2020-04-17 14:52:23
1098,1251078859136655362,innardy,4,1,2020-04-17 09:23:38
1099,1251078628051468289,pastourmas,7,0,2020-04-17 09:22:43
1100,1251078540965171200,gegika,1,1,2020-04-17 09:22:22
1101,1250882295814381573,lis’en,45,3,2020-04-16 20:22:34
1102,1250882281083985921,tayammum,14,5,2020-04-16 20:22:30
1103,1250814193189695488,hospitalclosed,78,6,2020-04-16 15:51:57
